This is pdfTeX, Version 3.141592653-2.6-1.40.26 (TeX Live 2024) (preloaded format=pdflatex 2024.10.14)  12 NOV 2025 17:31
entering extended mode
 \write18 enabled.
 file:line:error style messages enabled.
 %&-line parsing enabled.
**/Users/paoloimbriani/Desktop/Code/AgdaStage/model-nd-s4.2/agdaStage.tex
(/Users/paoloimbriani/Desktop/Code/AgdaStage/model-nd-s4.2/agdaStage.tex
LaTeX2e <2023-11-01> patch level 1
L3 programming layer <2024-02-20>
(/usr/local/texlive/2024/texmf-dist/tex/latex/base/article.cls
Document Class: article 2023/05/17 v1.4n Standard LaTeX document class
(/usr/local/texlive/2024/texmf-dist/tex/latex/base/size10.clo
File: size10.clo 2023/05/17 v1.4n Standard LaTeX file (size option)
)
\c@part=\count188
\c@section=\count189
\c@subsection=\count190
\c@subsubsection=\count191
\c@paragraph=\count192
\c@subparagraph=\count193
\c@figure=\count194
\c@table=\count195
\abovecaptionskip=\skip48
\belowcaptionskip=\skip49
\bibindent=\dimen140
) (/usr/local/texlive/2024/texmf-dist/tex/latex/enumitem/enumitem.sty
Package: enumitem 2019/06/20 v3.9 Customized lists
\enitkv@toks@=\toks17
\labelindent=\skip50
\enit@outerparindent=\dimen141
\enit@toks=\toks18
\enit@inbox=\box51
\enit@count@id=\count196
\enitdp@description=\count197
) (/usr/local/texlive/2024/texmf-dist/tex/latex/mathpartir/mathpartir.sty
Package: mathpartir 2016/02/24 version 1.3.2 Math Paragraph for Typesetting Inference Rules
 (/usr/local/texlive/2024/texmf-dist/tex/latex/graphics/keyval.sty
Package: keyval 2022/05/29 v1.15 key=value parser (DPC)
\KV@toks@=\toks19
)
\mpr@andskip=\skip51
\mpr@lista=\toks20
\mpr@listb=\toks21
\mpr@hlist=\box52
\mpr@vlist=\box53
\mpr@right=\box54
) (/usr/local/texlive/2024/texmf-dist/tex/latex/xcolor/xcolor.sty
Package: xcolor 2023/11/15 v3.01 LaTeX color extensions (UK)
 (/usr/local/texlive/2024/texmf-dist/tex/latex/graphics-cfg/color.cfg
File: color.cfg 2016/01/02 v1.6 sample color configuration
)
Package xcolor Info: Driver file: pdftex.def on input line 274.
 (/usr/local/texlive/2024/texmf-dist/tex/latex/graphics-def/pdftex.def
File: pdftex.def 2022/09/22 v1.2b Graphics/color driver for pdftex
) (/usr/local/texlive/2024/texmf-dist/tex/latex/graphics/mathcolor.ltx)
Package xcolor Info: Model `cmy' substituted by `cmy0' on input line 1350.
Package xcolor Info: Model `hsb' substituted by `rgb' on input line 1354.
Package xcolor Info: Model `RGB' extended on input line 1366.
Package xcolor Info: Model `HTML' substituted by `rgb' on input line 1368.
Package xcolor Info: Model `Hsb' substituted by `hsb' on input line 1369.
Package xcolor Info: Model `tHsb' substituted by `hsb' on input line 1370.
Package xcolor Info: Model `HSB' substituted by `hsb' on input line 1371.
Package xcolor Info: Model `Gray' substituted by `gray' on input line 1372.
Package xcolor Info: Model `wave' substituted by `hsb' on input line 1373.
) (/usr/local/texlive/2024/texmf-dist/tex/latex/base/inputenc.sty
Package: inputenc 2021/02/14 v1.3d Input encoding file
\inpenc@prehook=\toks22
\inpenc@posthook=\toks23
) (/usr/local/texlive/2024/texmf-dist/tex/latex/base/fontenc.sty
Package: fontenc 2021/04/29 v2.0v Standard LaTeX package
) (/usr/local/texlive/2024/texmf-dist/tex/latex/newunicodechar/newunicodechar.sty
Package: newunicodechar 2018/04/08 v1.2 Defining Unicode characters
) (/usr/local/texlive/2024/texmf-dist/tex/latex/csquotes/csquotes.sty
Package: csquotes 2022-09-14 v5.2n context-sensitive quotations (JAW)
 (/usr/local/texlive/2024/texmf-dist/tex/latex/etoolbox/etoolbox.sty
Package: etoolbox 2020/10/05 v2.5k e-TeX tools for LaTeX (JAW)
\etb@tempcnta=\count198
)
\csq@reset=\count199
\csq@gtype=\count266
\csq@glevel=\count267
\csq@qlevel=\count268
\csq@maxlvl=\count269
\csq@tshold=\count270
\csq@ltx@everypar=\toks24
 (/usr/local/texlive/2024/texmf-dist/tex/latex/csquotes/csquotes.def
File: csquotes.def 2022-09-14 v5.2n csquotes generic definitions (JAW)
)
Package csquotes Info: Trying to load configuration file 'csquotes.cfg'...
Package csquotes Info: ... configuration file loaded successfully.
 (/usr/local/texlive/2024/texmf-dist/tex/latex/csquotes/csquotes.cfg
File: csquotes.cfg 
)) (/usr/local/texlive/2024/texmf-dist/tex/latex/biblatex/biblatex.sty
Package: biblatex 2023/03/05 v3.19 programmable bibliographies (PK/MW)
 (/usr/local/texlive/2024/texmf-dist/tex/generic/pdftexcmds/pdftexcmds.sty
Package: pdftexcmds 2020-06-27 v0.33 Utility functions of pdfTeX for LuaTeX (HO)
 (/usr/local/texlive/2024/texmf-dist/tex/generic/infwarerr/infwarerr.sty
Package: infwarerr 2019/12/03 v1.5 Providing info/warning/error messages (HO)
) (/usr/local/texlive/2024/texmf-dist/tex/generic/iftex/iftex.sty
Package: iftex 2022/02/03 v1.0f TeX engine tests
) (/usr/local/texlive/2024/texmf-dist/tex/generic/ltxcmds/ltxcmds.sty
Package: ltxcmds 2023-12-04 v1.26 LaTeX kernel commands for general use (HO)
)
Package pdftexcmds Info: \pdf@primitive is available.
Package pdftexcmds Info: \pdf@ifprimitive is available.
Package pdftexcmds Info: \pdfdraftmode found.
) (/usr/local/texlive/2024/texmf-dist/tex/latex/kvoptions/kvoptions.sty
Package: kvoptions 2022-06-15 v3.15 Key value format for package options (HO)
 (/usr/local/texlive/2024/texmf-dist/tex/latex/kvsetkeys/kvsetkeys.sty
Package: kvsetkeys 2022-10-05 v1.19 Key value parser (HO)
)) (/usr/local/texlive/2024/texmf-dist/tex/latex/logreq/logreq.sty
Package: logreq 2010/08/04 v1.0 xml request logger
\lrq@indent=\count271
 (/usr/local/texlive/2024/texmf-dist/tex/latex/logreq/logreq.def
File: logreq.def 2010/08/04 v1.0 logreq spec v1.0
)) (/usr/local/texlive/2024/texmf-dist/tex/latex/base/ifthen.sty
Package: ifthen 2022/04/13 v1.1d Standard LaTeX ifthen package (DPC)
) (/usr/local/texlive/2024/texmf-dist/tex/latex/url/url.sty
\Urlmuskip=\muskip16
Package: url 2013/09/16  ver 3.4  Verb mode for urls, etc.
)
\c@tabx@nest=\count272
\c@listtotal=\count273
\c@listcount=\count274
\c@liststart=\count275
\c@liststop=\count276
\c@citecount=\count277
\c@citetotal=\count278
\c@multicitecount=\count279
\c@multicitetotal=\count280
\c@instcount=\count281
\c@maxnames=\count282
\c@minnames=\count283
\c@maxitems=\count284
\c@minitems=\count285
\c@citecounter=\count286
\c@maxcitecounter=\count287
\c@savedcitecounter=\count288
\c@uniquelist=\count289
\c@uniquename=\count290
\c@refsection=\count291
\c@refsegment=\count292
\c@maxextratitle=\count293
\c@maxextratitleyear=\count294
\c@maxextraname=\count295
\c@maxextradate=\count296
\c@maxextraalpha=\count297
\c@abbrvpenalty=\count298
\c@highnamepenalty=\count299
\c@lownamepenalty=\count300
\c@maxparens=\count301
\c@parenlevel=\count302
\blx@tempcnta=\count303
\blx@tempcntb=\count304
\blx@tempcntc=\count305
\c@blx@maxsection=\count306
\blx@maxsegment@0=\count307
\blx@notetype=\count308
\blx@parenlevel@text=\count309
\blx@parenlevel@foot=\count310
\blx@sectionciteorder@0=\count311
\blx@sectionciteorderinternal@0=\count312
\blx@entrysetcounter=\count313
\blx@biblioinstance=\count314
\labelnumberwidth=\skip52
\labelalphawidth=\skip53
\biblabelsep=\skip54
\bibitemsep=\skip55
\bibnamesep=\skip56
\bibinitsep=\skip57
\bibparsep=\skip58
\bibhang=\skip59
\blx@bcfin=\read2
\blx@bcfout=\write3
\blx@langwohyphens=\language89
\c@mincomprange=\count315
\c@maxcomprange=\count316
\c@mincompwidth=\count317
Package biblatex Info: Trying to load biblatex default data model...
Package biblatex Info: ... file 'blx-dm.def' found.
 (/usr/local/texlive/2024/texmf-dist/tex/latex/biblatex/blx-dm.def
File: blx-dm.def 2023/03/05 v3.19 biblatex localization (PK/MW)
)
Package biblatex Info: Trying to load biblatex style data model...
Package biblatex Info: ... file 'alphabetic.dbx' not found.
Package biblatex Info: Trying to load biblatex custom data model...
Package biblatex Info: ... file 'biblatex-dm.cfg' not found.
\c@afterword=\count318
\c@savedafterword=\count319
\c@annotator=\count320
\c@savedannotator=\count321
\c@author=\count322
\c@savedauthor=\count323
\c@bookauthor=\count324
\c@savedbookauthor=\count325
\c@commentator=\count326
\c@savedcommentator=\count327
\c@editor=\count328
\c@savededitor=\count329
\c@editora=\count330
\c@savededitora=\count331
\c@editorb=\count332
\c@savededitorb=\count333
\c@editorc=\count334
\c@savededitorc=\count335
\c@foreword=\count336
\c@savedforeword=\count337
\c@holder=\count338
\c@savedholder=\count339
\c@introduction=\count340
\c@savedintroduction=\count341
\c@namea=\count342
\c@savednamea=\count343
\c@nameb=\count344
\c@savednameb=\count345
\c@namec=\count346
\c@savednamec=\count347
\c@translator=\count348
\c@savedtranslator=\count349
\c@shortauthor=\count350
\c@savedshortauthor=\count351
\c@shorteditor=\count352
\c@savedshorteditor=\count353
\c@labelname=\count354
\c@savedlabelname=\count355
\c@institution=\count356
\c@savedinstitution=\count357
\c@lista=\count358
\c@savedlista=\count359
\c@listb=\count360
\c@savedlistb=\count361
\c@listc=\count362
\c@savedlistc=\count363
\c@listd=\count364
\c@savedlistd=\count365
\c@liste=\count366
\c@savedliste=\count367
\c@listf=\count368
\c@savedlistf=\count369
\c@location=\count370
\c@savedlocation=\count371
\c@organization=\count372
\c@savedorganization=\count373
\c@origlocation=\count374
\c@savedoriglocation=\count375
\c@origpublisher=\count376
\c@savedorigpublisher=\count377
\c@publisher=\count378
\c@savedpublisher=\count379
\c@language=\count380
\c@savedlanguage=\count381
\c@origlanguage=\count382
\c@savedoriglanguage=\count383
\c@pageref=\count384
\c@savedpageref=\count385
\shorthandwidth=\skip60
\shortjournalwidth=\skip61
\shortserieswidth=\skip62
\shorttitlewidth=\skip63
\shortauthorwidth=\skip64
\shorteditorwidth=\skip65
\locallabelnumberwidth=\skip66
\locallabelalphawidth=\skip67
\localshorthandwidth=\skip68
\localshortjournalwidth=\skip69
\localshortserieswidth=\skip70
\localshorttitlewidth=\skip71
\localshortauthorwidth=\skip72
\localshorteditorwidth=\skip73
Package biblatex Info: Trying to load compatibility code...
Package biblatex Info: ... file 'blx-compat.def' found.
 (/usr/local/texlive/2024/texmf-dist/tex/latex/biblatex/blx-compat.def
File: blx-compat.def 2023/03/05 v3.19 biblatex compatibility (PK/MW)
)
Package biblatex Info: Trying to load generic definitions...
Package biblatex Info: ... file 'biblatex.def' found.
 (/usr/local/texlive/2024/texmf-dist/tex/latex/biblatex/biblatex.def
File: biblatex.def 2023/03/05 v3.19 biblatex compatibility (PK/MW)
\c@textcitecount=\count386
\c@textcitetotal=\count387
\c@textcitemaxnames=\count388
\c@biburlbigbreakpenalty=\count389
\c@biburlbreakpenalty=\count390
\c@biburlnumpenalty=\count391
\c@biburlucpenalty=\count392
\c@biburllcpenalty=\count393
\biburlbigskip=\muskip17
\biburlnumskip=\muskip18
\biburlucskip=\muskip19
\biburllcskip=\muskip20
\c@smartand=\count394
)
Package biblatex Info: Trying to load bibliography style 'alphabetic'...
Package biblatex Info: ... file 'alphabetic.bbx' found.
 (/usr/local/texlive/2024/texmf-dist/tex/latex/biblatex/bbx/alphabetic.bbx
File: alphabetic.bbx 2023/03/05 v3.19 biblatex bibliography style (PK/MW)
Package biblatex Info: Trying to load bibliography style 'standard'...
Package biblatex Info: ... file 'standard.bbx' found.
 (/usr/local/texlive/2024/texmf-dist/tex/latex/biblatex/bbx/standard.bbx
File: standard.bbx 2023/03/05 v3.19 biblatex bibliography style (PK/MW)
\c@bbx:relatedcount=\count395
\c@bbx:relatedtotal=\count396
))
Package biblatex Info: Trying to load citation style 'alphabetic'...
Package biblatex Info: ... file 'alphabetic.cbx' found.
 (/usr/local/texlive/2024/texmf-dist/tex/latex/biblatex/cbx/alphabetic.cbx
File: alphabetic.cbx 2023/03/05 v3.19 biblatex citation style (PK/MW)
Package biblatex Info: Redefining '\cite'.
Package biblatex Info: Redefining '\parencite'.
Package biblatex Info: Redefining '\footcite'.
Package biblatex Info: Redefining '\footcitetext'.
Package biblatex Info: Redefining '\smartcite'.
Package biblatex Info: Redefining '\textcite'.
Package biblatex Info: Redefining '\textcites'.
Package biblatex Info: Redefining '\cites'.
Package biblatex Info: Redefining '\parencites'.
Package biblatex Info: Redefining '\smartcites'.
)
Package biblatex Info: Trying to load configuration file...
Package biblatex Info: ... file 'biblatex.cfg' found.
 (/usr/local/texlive/2024/texmf-dist/tex/latex/biblatex/biblatex.cfg
File: biblatex.cfg 
)
Package biblatex Info: Input encoding 'utf8' detected.
Package biblatex Info: Document encoding is UTF8 ....
 (/usr/local/texlive/2024/texmf-dist/tex/latex/l3kernel/expl3.sty
Package: expl3 2024-02-20 L3 programming layer (loader) 
 (/usr/local/texlive/2024/texmf-dist/tex/latex/l3backend/l3backend-pdftex.def
File: l3backend-pdftex.def 2024-02-20 L3 backend support: PDF output (pdfTeX)
\l__color_backend_stack_int=\count397
\l__pdf_internal_box=\box55
))
Package biblatex Info: ... and expl3
(biblatex)             2024-02-20 L3 programming layer (loader) 
(biblatex)             is new enough (at least 2020/04/06),
(biblatex)             setting 'casechanger=expl3'.
 (/usr/local/texlive/2024/texmf-dist/tex/latex/biblatex/blx-case-expl3.sty (/usr/local/texlive/2024/texmf-dist/tex/latex/l3packages/xparse/xparse.sty
Package: xparse 2024-02-18 L3 Experimental document command parser
)
Package: blx-case-expl3 2023/03/05 v3.19 expl3 case changing code for biblatex
))

Package newunicodechar Warning: Redefining Unicode character on input line 15.


Package newunicodechar Warning: Redefining Unicode character on input line 32.

(/usr/local/texlive/2024/texmf-dist/tex/latex/graphics/graphicx.sty
Package: graphicx 2021/09/16 v1.2d Enhanced LaTeX Graphics (DPC,SPQR)
 (/usr/local/texlive/2024/texmf-dist/tex/latex/graphics/graphics.sty
Package: graphics 2022/03/10 v1.4e Standard LaTeX Graphics (DPC,SPQR)
 (/usr/local/texlive/2024/texmf-dist/tex/latex/graphics/trig.sty
Package: trig 2021/08/11 v1.11 sin cos tan (DPC)
) (/usr/local/texlive/2024/texmf-dist/tex/latex/graphics-cfg/graphics.cfg
File: graphics.cfg 2016/06/04 v1.11 sample graphics configuration
)
Package graphics Info: Driver file: pdftex.def on input line 107.
)
\Gin@req@height=\dimen142
\Gin@req@width=\dimen143
) (/usr/local/texlive/2024/texmf-dist/tex/latex/float/float.sty
Package: float 2001/11/08 v1.3d Float enhancements (AL)
\c@float@type=\count398
\float@exts=\toks25
\float@box=\box56
\@float@everytoks=\toks26
\@floatcapt=\box57
) (/usr/local/texlive/2024/texmf-dist/tex/latex/pgfplots/pgfplots.sty (/usr/local/texlive/2024/texmf-dist/tex/generic/pgfplots/pgfplots.revision.tex)
Package: pgfplots 2021/05/15 v1.18.1 Data Visualization (1.18.1)
 (/usr/local/texlive/2024/texmf-dist/tex/latex/pgf/frontendlayer/tikz.sty (/usr/local/texlive/2024/texmf-dist/tex/latex/pgf/basiclayer/pgf.sty (/usr/local/texlive/2024/texmf-dist/tex/latex/pgf/utilities/pgfrcs.sty (/usr/local/texlive/2024/texmf-dist/tex/generic/pgf/utilities/pgfutil-common.tex
\pgfutil@everybye=\toks27
\pgfutil@tempdima=\dimen144
\pgfutil@tempdimb=\dimen145
) (/usr/local/texlive/2024/texmf-dist/tex/generic/pgf/utilities/pgfutil-latex.def
\pgfutil@abb=\box58
) (/usr/local/texlive/2024/texmf-dist/tex/generic/pgf/utilities/pgfrcs.code.tex (/usr/local/texlive/2024/texmf-dist/tex/generic/pgf/pgf.revision.tex)
Package: pgfrcs 2023-01-15 v3.1.10 (3.1.10)
))
Package: pgf 2023-01-15 v3.1.10 (3.1.10)
 (/usr/local/texlive/2024/texmf-dist/tex/latex/pgf/basiclayer/pgfcore.sty (/usr/local/texlive/2024/texmf-dist/tex/latex/pgf/systemlayer/pgfsys.sty (/usr/local/texlive/2024/texmf-dist/tex/generic/pgf/systemlayer/pgfsys.code.tex
Package: pgfsys 2023-01-15 v3.1.10 (3.1.10)
 (/usr/local/texlive/2024/texmf-dist/tex/generic/pgf/utilities/pgfkeys.code.tex
\pgfkeys@pathtoks=\toks28
\pgfkeys@temptoks=\toks29
 (/usr/local/texlive/2024/texmf-dist/tex/generic/pgf/utilities/pgfkeyslibraryfiltered.code.tex
\pgfkeys@tmptoks=\toks30
))
\pgf@x=\dimen146
\pgf@y=\dimen147
\pgf@xa=\dimen148
\pgf@ya=\dimen149
\pgf@xb=\dimen150
\pgf@yb=\dimen151
\pgf@xc=\dimen152
\pgf@yc=\dimen153
\pgf@xd=\dimen154
\pgf@yd=\dimen155
\w@pgf@writea=\write4
\r@pgf@reada=\read3
\c@pgf@counta=\count399
\c@pgf@countb=\count400
\c@pgf@countc=\count401
\c@pgf@countd=\count402
\t@pgf@toka=\toks31
\t@pgf@tokb=\toks32
\t@pgf@tokc=\toks33
\pgf@sys@id@count=\count403
 (/usr/local/texlive/2024/texmf-dist/tex/generic/pgf/systemlayer/pgf.cfg
File: pgf.cfg 2023-01-15 v3.1.10 (3.1.10)
)
Driver file for pgf: pgfsys-pdftex.def
 (/usr/local/texlive/2024/texmf-dist/tex/generic/pgf/systemlayer/pgfsys-pdftex.def
File: pgfsys-pdftex.def 2023-01-15 v3.1.10 (3.1.10)
 (/usr/local/texlive/2024/texmf-dist/tex/generic/pgf/systemlayer/pgfsys-common-pdf.def
File: pgfsys-common-pdf.def 2023-01-15 v3.1.10 (3.1.10)
))) (/usr/local/texlive/2024/texmf-dist/tex/generic/pgf/systemlayer/pgfsyssoftpath.code.tex
File: pgfsyssoftpath.code.tex 2023-01-15 v3.1.10 (3.1.10)
\pgfsyssoftpath@smallbuffer@items=\count404
\pgfsyssoftpath@bigbuffer@items=\count405
) (/usr/local/texlive/2024/texmf-dist/tex/generic/pgf/systemlayer/pgfsysprotocol.code.tex
File: pgfsysprotocol.code.tex 2023-01-15 v3.1.10 (3.1.10)
)) (/usr/local/texlive/2024/texmf-dist/tex/generic/pgf/basiclayer/pgfcore.code.tex
Package: pgfcore 2023-01-15 v3.1.10 (3.1.10)
 (/usr/local/texlive/2024/texmf-dist/tex/generic/pgf/math/pgfmath.code.tex (/usr/local/texlive/2024/texmf-dist/tex/generic/pgf/math/pgfmathutil.code.tex) (/usr/local/texlive/2024/texmf-dist/tex/generic/pgf/math/pgfmathparser.code.tex
\pgfmath@dimen=\dimen156
\pgfmath@count=\count406
\pgfmath@box=\box59
\pgfmath@toks=\toks34
\pgfmath@stack@operand=\toks35
\pgfmath@stack@operation=\toks36
) (/usr/local/texlive/2024/texmf-dist/tex/generic/pgf/math/pgfmathfunctions.code.tex) (/usr/local/texlive/2024/texmf-dist/tex/generic/pgf/math/pgfmathfunctions.basic.code.tex) (/usr/local/texlive/2024/texmf-dist/tex/generic/pgf/math/pgfmathfunctions.trigonometric.code.tex) (/usr/local/texlive/2024/texmf-dist/tex/generic/pgf/math/pgfmathfunctions.random.code.tex) (/usr/local/texlive/2024/texmf-dist/tex/generic/pgf/math/pgfmathfunctions.comparison.code.tex) (/usr/local/texlive/2024/texmf-dist/tex/generic/pgf/math/pgfmathfunctions.base.code.tex) (/usr/local/texlive/2024/texmf-dist/tex/generic/pgf/math/pgfmathfunctions.round.code.tex) (/usr/local/texlive/2024/texmf-dist/tex/generic/pgf/math/pgfmathfunctions.misc.code.tex) (/usr/local/texlive/2024/texmf-dist/tex/generic/pgf/math/pgfmathfunctions.integerarithmetics.code.tex) (/usr/local/texlive/2024/texmf-dist/tex/generic/pgf/math/pgfmathcalc.code.tex) (/usr/local/texlive/2024/texmf-dist/tex/generic/pgf/math/pgfmathfloat.code.tex
\c@pgfmathroundto@lastzeros=\count407
)) (/usr/local/texlive/2024/texmf-dist/tex/generic/pgf/math/pgfint.code.tex) (/usr/local/texlive/2024/texmf-dist/tex/generic/pgf/basiclayer/pgfcorepoints.code.tex
File: pgfcorepoints.code.tex 2023-01-15 v3.1.10 (3.1.10)
\pgf@picminx=\dimen157
\pgf@picmaxx=\dimen158
\pgf@picminy=\dimen159
\pgf@picmaxy=\dimen160
\pgf@pathminx=\dimen161
\pgf@pathmaxx=\dimen162
\pgf@pathminy=\dimen163
\pgf@pathmaxy=\dimen164
\pgf@xx=\dimen165
\pgf@xy=\dimen166
\pgf@yx=\dimen167
\pgf@yy=\dimen168
\pgf@zx=\dimen169
\pgf@zy=\dimen170
) (/usr/local/texlive/2024/texmf-dist/tex/generic/pgf/basiclayer/pgfcorepathconstruct.code.tex
File: pgfcorepathconstruct.code.tex 2023-01-15 v3.1.10 (3.1.10)
\pgf@path@lastx=\dimen171
\pgf@path@lasty=\dimen172
) (/usr/local/texlive/2024/texmf-dist/tex/generic/pgf/basiclayer/pgfcorepathusage.code.tex
File: pgfcorepathusage.code.tex 2023-01-15 v3.1.10 (3.1.10)
\pgf@shorten@end@additional=\dimen173
\pgf@shorten@start@additional=\dimen174
) (/usr/local/texlive/2024/texmf-dist/tex/generic/pgf/basiclayer/pgfcorescopes.code.tex
File: pgfcorescopes.code.tex 2023-01-15 v3.1.10 (3.1.10)
\pgfpic=\box60
\pgf@hbox=\box61
\pgf@layerbox@main=\box62
\pgf@picture@serial@count=\count408
) (/usr/local/texlive/2024/texmf-dist/tex/generic/pgf/basiclayer/pgfcoregraphicstate.code.tex
File: pgfcoregraphicstate.code.tex 2023-01-15 v3.1.10 (3.1.10)
\pgflinewidth=\dimen175
) (/usr/local/texlive/2024/texmf-dist/tex/generic/pgf/basiclayer/pgfcoretransformations.code.tex
File: pgfcoretransformations.code.tex 2023-01-15 v3.1.10 (3.1.10)
\pgf@pt@x=\dimen176
\pgf@pt@y=\dimen177
\pgf@pt@temp=\dimen178
) (/usr/local/texlive/2024/texmf-dist/tex/generic/pgf/basiclayer/pgfcorequick.code.tex
File: pgfcorequick.code.tex 2023-01-15 v3.1.10 (3.1.10)
) (/usr/local/texlive/2024/texmf-dist/tex/generic/pgf/basiclayer/pgfcoreobjects.code.tex
File: pgfcoreobjects.code.tex 2023-01-15 v3.1.10 (3.1.10)
) (/usr/local/texlive/2024/texmf-dist/tex/generic/pgf/basiclayer/pgfcorepathprocessing.code.tex
File: pgfcorepathprocessing.code.tex 2023-01-15 v3.1.10 (3.1.10)
) (/usr/local/texlive/2024/texmf-dist/tex/generic/pgf/basiclayer/pgfcorearrows.code.tex
File: pgfcorearrows.code.tex 2023-01-15 v3.1.10 (3.1.10)
\pgfarrowsep=\dimen179
) (/usr/local/texlive/2024/texmf-dist/tex/generic/pgf/basiclayer/pgfcoreshade.code.tex
File: pgfcoreshade.code.tex 2023-01-15 v3.1.10 (3.1.10)
\pgf@max=\dimen180
\pgf@sys@shading@range@num=\count409
\pgf@shadingcount=\count410
) (/usr/local/texlive/2024/texmf-dist/tex/generic/pgf/basiclayer/pgfcoreimage.code.tex
File: pgfcoreimage.code.tex 2023-01-15 v3.1.10 (3.1.10)
) (/usr/local/texlive/2024/texmf-dist/tex/generic/pgf/basiclayer/pgfcoreexternal.code.tex
File: pgfcoreexternal.code.tex 2023-01-15 v3.1.10 (3.1.10)
\pgfexternal@startupbox=\box63
) (/usr/local/texlive/2024/texmf-dist/tex/generic/pgf/basiclayer/pgfcorelayers.code.tex
File: pgfcorelayers.code.tex 2023-01-15 v3.1.10 (3.1.10)
) (/usr/local/texlive/2024/texmf-dist/tex/generic/pgf/basiclayer/pgfcoretransparency.code.tex
File: pgfcoretransparency.code.tex 2023-01-15 v3.1.10 (3.1.10)
) (/usr/local/texlive/2024/texmf-dist/tex/generic/pgf/basiclayer/pgfcorepatterns.code.tex
File: pgfcorepatterns.code.tex 2023-01-15 v3.1.10 (3.1.10)
) (/usr/local/texlive/2024/texmf-dist/tex/generic/pgf/basiclayer/pgfcorerdf.code.tex
File: pgfcorerdf.code.tex 2023-01-15 v3.1.10 (3.1.10)
))) (/usr/local/texlive/2024/texmf-dist/tex/generic/pgf/modules/pgfmoduleshapes.code.tex
File: pgfmoduleshapes.code.tex 2023-01-15 v3.1.10 (3.1.10)
\pgfnodeparttextbox=\box64
) (/usr/local/texlive/2024/texmf-dist/tex/generic/pgf/modules/pgfmoduleplot.code.tex
File: pgfmoduleplot.code.tex 2023-01-15 v3.1.10 (3.1.10)
) (/usr/local/texlive/2024/texmf-dist/tex/latex/pgf/compatibility/pgfcomp-version-0-65.sty
Package: pgfcomp-version-0-65 2023-01-15 v3.1.10 (3.1.10)
\pgf@nodesepstart=\dimen181
\pgf@nodesepend=\dimen182
) (/usr/local/texlive/2024/texmf-dist/tex/latex/pgf/compatibility/pgfcomp-version-1-18.sty
Package: pgfcomp-version-1-18 2023-01-15 v3.1.10 (3.1.10)
)) (/usr/local/texlive/2024/texmf-dist/tex/latex/pgf/utilities/pgffor.sty (/usr/local/texlive/2024/texmf-dist/tex/latex/pgf/utilities/pgfkeys.sty (/usr/local/texlive/2024/texmf-dist/tex/generic/pgf/utilities/pgfkeys.code.tex)) (/usr/local/texlive/2024/texmf-dist/tex/latex/pgf/math/pgfmath.sty (/usr/local/texlive/2024/texmf-dist/tex/generic/pgf/math/pgfmath.code.tex)) (/usr/local/texlive/2024/texmf-dist/tex/generic/pgf/utilities/pgffor.code.tex
Package: pgffor 2023-01-15 v3.1.10 (3.1.10)
\pgffor@iter=\dimen183
\pgffor@skip=\dimen184
\pgffor@stack=\toks37
\pgffor@toks=\toks38
)) (/usr/local/texlive/2024/texmf-dist/tex/generic/pgf/frontendlayer/tikz/tikz.code.tex
Package: tikz 2023-01-15 v3.1.10 (3.1.10)
 (/usr/local/texlive/2024/texmf-dist/tex/generic/pgf/libraries/pgflibraryplothandlers.code.tex
File: pgflibraryplothandlers.code.tex 2023-01-15 v3.1.10 (3.1.10)
\pgf@plot@mark@count=\count411
\pgfplotmarksize=\dimen185
)
\tikz@lastx=\dimen186
\tikz@lasty=\dimen187
\tikz@lastxsaved=\dimen188
\tikz@lastysaved=\dimen189
\tikz@lastmovetox=\dimen190
\tikz@lastmovetoy=\dimen191
\tikzleveldistance=\dimen192
\tikzsiblingdistance=\dimen193
\tikz@figbox=\box65
\tikz@figbox@bg=\box66
\tikz@tempbox=\box67
\tikz@tempbox@bg=\box68
\tikztreelevel=\count412
\tikznumberofchildren=\count413
\tikznumberofcurrentchild=\count414
\tikz@fig@count=\count415
 (/usr/local/texlive/2024/texmf-dist/tex/generic/pgf/modules/pgfmodulematrix.code.tex
File: pgfmodulematrix.code.tex 2023-01-15 v3.1.10 (3.1.10)
\pgfmatrixcurrentrow=\count416
\pgfmatrixcurrentcolumn=\count417
\pgf@matrix@numberofcolumns=\count418
)
\tikz@expandcount=\count419
 (/usr/local/texlive/2024/texmf-dist/tex/generic/pgf/frontendlayer/tikz/libraries/tikzlibrarytopaths.code.tex
File: tikzlibrarytopaths.code.tex 2023-01-15 v3.1.10 (3.1.10)
))) (/usr/local/texlive/2024/texmf-dist/tex/generic/pgfplots/pgfplots.code.tex (/usr/local/texlive/2024/texmf-dist/tex/generic/pgfplots/pgfplotscore.code.tex
\t@pgfplots@toka=\toks39
\t@pgfplots@tokb=\toks40
\t@pgfplots@tokc=\toks41
\pgfplots@tmpa=\dimen194
\c@pgfplots@coordindex=\count420
\c@pgfplots@scanlineindex=\count421
 (/usr/local/texlive/2024/texmf-dist/tex/generic/pgfplots/sys/pgfplotssysgeneric.code.tex)) (/usr/local/texlive/2024/texmf-dist/tex/generic/pgfplots/libs/pgfplotslibrary.code.tex) (/usr/local/texlive/2024/texmf-dist/tex/generic/pgfplots/oldpgfcompatib/pgfplotsoldpgfsupp_loader.code.tex (/usr/local/texlive/2024/texmf-dist/tex/generic/pgf/libraries/pgflibraryfpu.code.tex)
Package pgfplots: loading complementary utilities for your pgf version...
\t@pgf@toka=\toks42
\t@pgf@tokb=\toks43
\t@pgf@tokc=\toks44
(/usr/local/texlive/2024/texmf-dist/tex/generic/pgfplots/oldpgfcompatib/pgfplotsoldpgfsupp_pgfutil-common-lists.tex)) (/usr/local/texlive/2024/texmf-dist/tex/generic/pgfplots/util/pgfplotsutil.code.tex (/usr/local/texlive/2024/texmf-dist/tex/generic/pgfplots/liststructure/pgfplotsliststructure.code.tex) (/usr/local/texlive/2024/texmf-dist/tex/generic/pgfplots/liststructure/pgfplotsliststructureext.code.tex) (/usr/local/texlive/2024/texmf-dist/tex/generic/pgfplots/liststructure/pgfplotsarray.code.tex
\c@pgfplotsarray@tmp=\count422
) (/usr/local/texlive/2024/texmf-dist/tex/generic/pgfplots/liststructure/pgfplotsmatrix.code.tex) (/usr/local/texlive/2024/texmf-dist/tex/generic/pgfplots/numtable/pgfplotstableshared.code.tex
\c@pgfplotstable@counta=\count423
\t@pgfplotstable@a=\toks45
) (/usr/local/texlive/2024/texmf-dist/tex/generic/pgfplots/liststructure/pgfplotsdeque.code.tex) (/usr/local/texlive/2024/texmf-dist/tex/generic/pgfplots/util/pgfplotsbinary.code.tex (/usr/local/texlive/2024/texmf-dist/tex/generic/pgfplots/util/pgfplotsbinary.data.code.tex)) (/usr/local/texlive/2024/texmf-dist/tex/generic/pgfplots/util/pgfplotsutil.verb.code.tex) (/usr/local/texlive/2024/texmf-dist/tex/generic/pgfplots/libs/pgflibrarypgfplots.surfshading.code.tex
\c@pgfplotslibrarysurf@no=\count424
 (/usr/local/texlive/2024/texmf-dist/tex/generic/pgfplots/sys/pgflibrarypgfplots.surfshading.pgfsys-pdftex.def))) (/usr/local/texlive/2024/texmf-dist/tex/generic/pgfplots/util/pgfplotscolormap.code.tex (/usr/local/texlive/2024/texmf-dist/tex/generic/pgfplots/util/pgfplotscolor.code.tex)) (/usr/local/texlive/2024/texmf-dist/tex/generic/pgfplots/pgfplotsstackedplots.code.tex) (/usr/local/texlive/2024/texmf-dist/tex/generic/pgfplots/pgfplotsplothandlers.code.tex (/usr/local/texlive/2024/texmf-dist/tex/generic/pgfplots/pgfplotsmeshplothandler.code.tex (/usr/local/texlive/2024/texmf-dist/tex/generic/pgfplots/pgfplotsmeshplotimage.code.tex))) (/usr/local/texlive/2024/texmf-dist/tex/generic/pgfplots/pgfplots.scaling.code.tex) (/usr/local/texlive/2024/texmf-dist/tex/generic/pgfplots/pgfplotscoordprocessing.code.tex) (/usr/local/texlive/2024/texmf-dist/tex/generic/pgfplots/pgfplots.errorbars.code.tex) (/usr/local/texlive/2024/texmf-dist/tex/generic/pgfplots/pgfplots.markers.code.tex) (/usr/local/texlive/2024/texmf-dist/tex/generic/pgfplots/pgfplotsticks.code.tex) (/usr/local/texlive/2024/texmf-dist/tex/generic/pgfplots/pgfplots.paths.code.tex) (/usr/local/texlive/2024/texmf-dist/tex/generic/pgf/frontendlayer/tikz/libraries/tikzlibrarydecorations.code.tex (/usr/local/texlive/2024/texmf-dist/tex/generic/pgf/modules/pgfmoduledecorations.code.tex
\pgfdecoratedcompleteddistance=\dimen195
\pgfdecoratedremainingdistance=\dimen196
\pgfdecoratedinputsegmentcompleteddistance=\dimen197
\pgfdecoratedinputsegmentremainingdistance=\dimen198
\pgf@decorate@distancetomove=\dimen199
\pgf@decorate@repeatstate=\count425
\pgfdecorationsegmentamplitude=\dimen256
\pgfdecorationsegmentlength=\dimen257
)
\tikz@lib@dec@box=\box69
) (/usr/local/texlive/2024/texmf-dist/tex/generic/pgf/frontendlayer/tikz/libraries/tikzlibrarydecorations.pathmorphing.code.tex (/usr/local/texlive/2024/texmf-dist/tex/generic/pgf/libraries/decorations/pgflibrarydecorations.pathmorphing.code.tex)) (/usr/local/texlive/2024/texmf-dist/tex/generic/pgf/frontendlayer/tikz/libraries/tikzlibrarydecorations.pathreplacing.code.tex (/usr/local/texlive/2024/texmf-dist/tex/generic/pgf/libraries/decorations/pgflibrarydecorations.pathreplacing.code.tex)) (/usr/local/texlive/2024/texmf-dist/tex/generic/pgfplots/libs/tikzlibrarypgfplots.contourlua.code.tex)
\pgfplots@numplots=\count426
\pgfplots@xmin@reg=\dimen258
\pgfplots@xmax@reg=\dimen259
\pgfplots@ymin@reg=\dimen260
\pgfplots@ymax@reg=\dimen261
\pgfplots@zmin@reg=\dimen262
\pgfplots@zmax@reg=\dimen263
) (/usr/local/texlive/2024/texmf-dist/tex/generic/pgf/frontendlayer/tikz/libraries/tikzlibraryplotmarks.code.tex
File: tikzlibraryplotmarks.code.tex 2023-01-15 v3.1.10 (3.1.10)
 (/usr/local/texlive/2024/texmf-dist/tex/generic/pgf/libraries/pgflibraryplotmarks.code.tex
File: pgflibraryplotmarks.code.tex 2023-01-15 v3.1.10 (3.1.10)
))) (/usr/local/texlive/2024/texmf-dist/tex/latex/listings/listings.sty
\lst@mode=\count427
\lst@gtempboxa=\box70
\lst@token=\toks46
\lst@length=\count428
\lst@currlwidth=\dimen264
\lst@column=\count429
\lst@pos=\count430
\lst@lostspace=\dimen265
\lst@width=\dimen266
\lst@newlines=\count431
\lst@lineno=\count432
\lst@maxwidth=\dimen267
 (/usr/local/texlive/2024/texmf-dist/tex/latex/listings/lstpatch.sty
File: lstpatch.sty 2024/02/21 1.10 (Carsten Heinz)
) (/usr/local/texlive/2024/texmf-dist/tex/latex/listings/lstmisc.sty
File: lstmisc.sty 2024/02/21 1.10 (Carsten Heinz)
\c@lstnumber=\count433
\lst@skipnumbers=\count434
\lst@framebox=\box71
) (/usr/local/texlive/2024/texmf-dist/tex/latex/listings/listings.cfg
File: listings.cfg 2024/02/21 1.10 listings configuration
))
Package: listings 2024/02/21 1.10 (Carsten Heinz)
 (/usr/local/texlive/2024/texmf-dist/tex/latex/base/textcomp.sty
Package: textcomp 2020/02/02 v2.0n Standard LaTeX package
) (/usr/local/texlive/2024/texmf-dist/tex/generic/pgf/frontendlayer/tikz/libraries/tikzlibraryangles.code.tex
File: tikzlibraryangles.code.tex 2023-01-15 v3.1.10 (3.1.10)
) (/usr/local/texlive/2024/texmf-dist/tex/generic/pgf/frontendlayer/tikz/libraries/tikzlibraryquotes.code.tex
File: tikzlibraryquotes.code.tex 2023-01-15 v3.1.10 (3.1.10)
) (/usr/local/texlive/2024/texmf-dist/tex/generic/pgf/frontendlayer/tikz/libraries/tikzlibrarycalc.code.tex
File: tikzlibrarycalc.code.tex 2023-01-15 v3.1.10 (3.1.10)
) (/usr/local/texlive/2024/texmf-dist/tex/generic/pgf/frontendlayer/tikz/libraries/tikzlibrarypositioning.code.tex
File: tikzlibrarypositioning.code.tex 2023-01-15 v3.1.10 (3.1.10)
) (/usr/local/texlive/2024/texmf-dist/tex/generic/pgf/frontendlayer/tikz/libraries/tikzlibrarytrees.code.tex
File: tikzlibrarytrees.code.tex 2023-01-15 v3.1.10 (3.1.10)
) (/usr/local/texlive/2024/texmf-dist/tex/generic/pgf/frontendlayer/tikz/libraries/tikzlibraryautomata.code.tex
File: tikzlibraryautomata.code.tex 2023-01-15 v3.1.10 (3.1.10)
 (/usr/local/texlive/2024/texmf-dist/tex/generic/pgf/frontendlayer/tikz/libraries/tikzlibraryshapes.multipart.code.tex
File: tikzlibraryshapes.multipart.code.tex 2023-01-15 v3.1.10 (3.1.10)
 (/usr/local/texlive/2024/texmf-dist/tex/generic/pgf/libraries/shapes/pgflibraryshapes.multipart.code.tex
File: pgflibraryshapes.multipart.code.tex 2023-01-15 v3.1.10 (3.1.10)
\pgfnodepartlowerbox=\box72
\pgfnodeparttwobox=\box73
\pgfnodepartthreebox=\box74
\pgfnodepartfourbox=\box75
\pgfnodeparttwentybox=\box76
\pgfnodepartnineteenbox=\box77
\pgfnodeparteighteenbox=\box78
\pgfnodepartseventeenbox=\box79
\pgfnodepartsixteenbox=\box80
\pgfnodepartfifteenbox=\box81
\pgfnodepartfourteenbox=\box82
\pgfnodepartthirteenbox=\box83
\pgfnodeparttwelvebox=\box84
\pgfnodepartelevenbox=\box85
\pgfnodeparttenbox=\box86
\pgfnodepartninebox=\box87
\pgfnodeparteightbox=\box88
\pgfnodepartsevenbox=\box89
\pgfnodepartsixbox=\box90
\pgfnodepartfivebox=\box91
))) (/usr/local/texlive/2024/texmf-dist/tex/generic/pgf/libraries/pgflibraryarrows.meta.code.tex
File: pgflibraryarrows.meta.code.tex 2023-01-15 v3.1.10 (3.1.10)
\pgfarrowinset=\dimen268
\pgfarrowlength=\dimen269
\pgfarrowwidth=\dimen270
\pgfarrowlinewidth=\dimen271
) (/usr/local/texlive/2024/texmf-dist/tex/generic/pgf/frontendlayer/tikz/libraries/tikzlibrarydecorations.markings.code.tex (/usr/local/texlive/2024/texmf-dist/tex/generic/pgf/libraries/decorations/pgflibrarydecorations.markings.code.tex)) (/usr/local/texlive/2024/texmf-dist/tex/generic/pgfplots/libs/tikzlibrarypgfplots.fillbetween.code.tex (/usr/local/texlive/2024/texmf-dist/tex/generic/pgfplots/pgfcontrib/tikzlibraryfillbetween.code.tex (/usr/local/texlive/2024/texmf-dist/tex/generic/pgf/frontendlayer/tikz/libraries/tikzlibraryintersections.code.tex (/usr/local/texlive/2024/texmf-dist/tex/generic/pgf/libraries/pgflibraryintersections.code.tex
\pgf@intersect@solutions=\count435
)) (/usr/local/texlive/2024/texmf-dist/tex/generic/pgfplots/pgfcontrib/tikzlibrarydecorations.softclip.code.tex (/usr/local/texlive/2024/texmf-dist/tex/generic/pgfplots/pgfcontrib/pgflibraryfillbetween.code.tex))) (/usr/local/texlive/2024/texmf-dist/tex/generic/pgfplots/libs/tikzlibrarypgfplots.decorations.softclip.code.tex)) (/usr/local/texlive/2024/texmf-dist/tex/latex/tikz-cd/tikz-cd.sty
Package: tikz-cd 2021/05/04 v1.0 Commutative diagrams with TikZ
 (/usr/local/texlive/2024/texmf-dist/tex/generic/tikz-cd/tikzlibrarycd.code.tex (/usr/local/texlive/2024/texmf-dist/tex/generic/pgf/frontendlayer/tikz/libraries/tikzlibrarymatrix.code.tex
File: tikzlibrarymatrix.code.tex 2023-01-15 v3.1.10 (3.1.10)
))) (/usr/local/texlive/2024/texmf-dist/tex/latex/booktabs/booktabs.sty
Package: booktabs 2020/01/12 v1.61803398 Publication quality tables
\heavyrulewidth=\dimen272
\lightrulewidth=\dimen273
\cmidrulewidth=\dimen274
\belowrulesep=\dimen275
\belowbottomsep=\dimen276
\aboverulesep=\dimen277
\abovetopsep=\dimen278
\cmidrulesep=\dimen279
\cmidrulekern=\dimen280
\defaultaddspace=\dimen281
\@cmidla=\count436
\@cmidlb=\count437
\@aboverulesep=\dimen282
\@belowrulesep=\dimen283
\@thisruleclass=\count438
\@lastruleclass=\count439
\@thisrulewidth=\dimen284
) (/usr/local/texlive/2024/texmf-dist/tex/latex/geometry/geometry.sty
Package: geometry 2020/01/02 v5.9 Page Geometry
 (/usr/local/texlive/2024/texmf-dist/tex/generic/iftex/ifvtex.sty
Package: ifvtex 2019/10/25 v1.7 ifvtex legacy package. Use iftex instead.
)
\Gm@cnth=\count440
\Gm@cntv=\count441
\c@Gm@tempcnt=\count442
\Gm@bindingoffset=\dimen285
\Gm@wd@mp=\dimen286
\Gm@odd@mp=\dimen287
\Gm@even@mp=\dimen288
\Gm@layoutwidth=\dimen289
\Gm@layoutheight=\dimen290
\Gm@layouthoffset=\dimen291
\Gm@layoutvoffset=\dimen292
\Gm@dimlist=\toks47
) (/usr/local/texlive/2024/texmf-dist/tex/latex/setspace/setspace.sty
Package: setspace 2022/12/04 v6.7b set line spacing
) (/usr/local/texlive/2024/texmf-dist/tex/latex/cancel/cancel.sty
Package: cancel 2013/04/12 v2.2 Cancel math terms
) (/usr/local/texlive/2024/texmf-dist/tex/latex/amsmath/amsmath.sty
Package: amsmath 2023/05/13 v2.17o AMS math features
\@mathmargin=\skip74

For additional information on amsmath, use the `?' option.
(/usr/local/texlive/2024/texmf-dist/tex/latex/amsmath/amstext.sty
Package: amstext 2021/08/26 v2.01 AMS text
 (/usr/local/texlive/2024/texmf-dist/tex/latex/amsmath/amsgen.sty
File: amsgen.sty 1999/11/30 v2.0 generic functions
\@emptytoks=\toks48
\ex@=\dimen293
)) (/usr/local/texlive/2024/texmf-dist/tex/latex/amsmath/amsbsy.sty
Package: amsbsy 1999/11/29 v1.2d Bold Symbols
\pmbraise@=\dimen294
) (/usr/local/texlive/2024/texmf-dist/tex/latex/amsmath/amsopn.sty
Package: amsopn 2022/04/08 v2.04 operator names
)
\inf@bad=\count443
LaTeX Info: Redefining \frac on input line 234.
\uproot@=\count444
\leftroot@=\count445
LaTeX Info: Redefining \overline on input line 399.
LaTeX Info: Redefining \colon on input line 410.
\classnum@=\count446
\DOTSCASE@=\count447
LaTeX Info: Redefining \ldots on input line 496.
LaTeX Info: Redefining \dots on input line 499.
LaTeX Info: Redefining \cdots on input line 620.
\Mathstrutbox@=\box92
\strutbox@=\box93
LaTeX Info: Redefining \big on input line 722.
LaTeX Info: Redefining \Big on input line 723.
LaTeX Info: Redefining \bigg on input line 724.
LaTeX Info: Redefining \Bigg on input line 725.
\big@size=\dimen295
LaTeX Font Info:    Redeclaring font encoding OML on input line 743.
LaTeX Font Info:    Redeclaring font encoding OMS on input line 744.
\macc@depth=\count448
LaTeX Info: Redefining \bmod on input line 905.
LaTeX Info: Redefining \pmod on input line 910.
LaTeX Info: Redefining \smash on input line 940.
LaTeX Info: Redefining \relbar on input line 970.
LaTeX Info: Redefining \Relbar on input line 971.
\c@MaxMatrixCols=\count449
\dotsspace@=\muskip21
\c@parentequation=\count450
\dspbrk@lvl=\count451
\tag@help=\toks49
\row@=\count452
\column@=\count453
\maxfields@=\count454
\andhelp@=\toks50
\eqnshift@=\dimen296
\alignsep@=\dimen297
\tagshift@=\dimen298
\tagwidth@=\dimen299
\totwidth@=\dimen300
\lineht@=\dimen301
\@envbody=\toks51
\multlinegap=\skip75
\multlinetaggap=\skip76
\mathdisplay@stack=\toks52
LaTeX Info: Redefining \[ on input line 2953.
LaTeX Info: Redefining \] on input line 2954.
) (/usr/local/texlive/2024/texmf-dist/tex/latex/amsfonts/amssymb.sty
Package: amssymb 2013/01/14 v3.01 AMS font symbols
 (/usr/local/texlive/2024/texmf-dist/tex/latex/amsfonts/amsfonts.sty
Package: amsfonts 2013/01/14 v3.01 Basic AMSFonts support
\symAMSa=\mathgroup4
\symAMSb=\mathgroup5
LaTeX Font Info:    Redeclaring math symbol \hbar on input line 98.
LaTeX Font Info:    Overwriting math alphabet `\mathfrak' in version `bold'
(Font)                  U/euf/m/n --> U/euf/b/n on input line 106.
)) (/usr/local/texlive/2024/texmf-dist/tex/latex/amscls/amsthm.sty
Package: amsthm 2020/05/29 v2.20.6
\thm@style=\toks53
\thm@bodyfont=\toks54
\thm@headfont=\toks55
\thm@notefont=\toks56
\thm@headpunct=\toks57
\thm@preskip=\skip77
\thm@postskip=\skip78
\thm@headsep=\skip79
\dth@everypar=\toks58
) (/usr/local/texlive/2024/texmf-dist/tex/latex/stmaryrd/stmaryrd.sty
Package: stmaryrd 1994/03/03 St Mary's Road symbol package
\symstmry=\mathgroup6
LaTeX Font Info:    Overwriting symbol font `stmry' in version `bold'
(Font)                  U/stmry/m/n --> U/stmry/b/n on input line 89.
) (/usr/local/texlive/2024/texmf-dist/tex/latex/titlesec/titlesec.sty
Package: titlesec 2023/10/27 v2.16 Sectioning titles
\ttl@box=\box94
\beforetitleunit=\skip80
\aftertitleunit=\skip81
\ttl@plus=\dimen302
\ttl@minus=\dimen303
\ttl@toksa=\toks59
\titlewidth=\dimen304
\titlewidthlast=\dimen305
\titlewidthfirst=\dimen306
) (/usr/local/texlive/2024/texmf-dist/tex/latex/lm/lmodern.sty
Package: lmodern 2015/05/01 v1.6.1 Latin Modern Fonts
LaTeX Font Info:    Overwriting symbol font `operators' in version `normal'
(Font)                  OT1/cmr/m/n --> OT1/lmr/m/n on input line 22.
LaTeX Font Info:    Overwriting symbol font `letters' in version `normal'
(Font)                  OML/cmm/m/it --> OML/lmm/m/it on input line 23.
LaTeX Font Info:    Overwriting symbol font `symbols' in version `normal'
(Font)                  OMS/cmsy/m/n --> OMS/lmsy/m/n on input line 24.
LaTeX Font Info:    Overwriting symbol font `largesymbols' in version `normal'
(Font)                  OMX/cmex/m/n --> OMX/lmex/m/n on input line 25.
LaTeX Font Info:    Overwriting symbol font `operators' in version `bold'
(Font)                  OT1/cmr/bx/n --> OT1/lmr/bx/n on input line 26.
LaTeX Font Info:    Overwriting symbol font `letters' in version `bold'
(Font)                  OML/cmm/b/it --> OML/lmm/b/it on input line 27.
LaTeX Font Info:    Overwriting symbol font `symbols' in version `bold'
(Font)                  OMS/cmsy/b/n --> OMS/lmsy/b/n on input line 28.
LaTeX Font Info:    Overwriting symbol font `largesymbols' in version `bold'
(Font)                  OMX/cmex/m/n --> OMX/lmex/m/n on input line 29.
LaTeX Font Info:    Overwriting math alphabet `\mathbf' in version `normal'
(Font)                  OT1/cmr/bx/n --> OT1/lmr/bx/n on input line 31.
LaTeX Font Info:    Overwriting math alphabet `\mathsf' in version `normal'
(Font)                  OT1/cmss/m/n --> OT1/lmss/m/n on input line 32.
LaTeX Font Info:    Overwriting math alphabet `\mathit' in version `normal'
(Font)                  OT1/cmr/m/it --> OT1/lmr/m/it on input line 33.
LaTeX Font Info:    Overwriting math alphabet `\mathtt' in version `normal'
(Font)                  OT1/cmtt/m/n --> OT1/lmtt/m/n on input line 34.
LaTeX Font Info:    Overwriting math alphabet `\mathbf' in version `bold'
(Font)                  OT1/cmr/bx/n --> OT1/lmr/bx/n on input line 35.
LaTeX Font Info:    Overwriting math alphabet `\mathsf' in version `bold'
(Font)                  OT1/cmss/bx/n --> OT1/lmss/bx/n on input line 36.
LaTeX Font Info:    Overwriting math alphabet `\mathit' in version `bold'
(Font)                  OT1/cmr/bx/it --> OT1/lmr/bx/it on input line 37.
LaTeX Font Info:    Overwriting math alphabet `\mathtt' in version `bold'
(Font)                  OT1/cmtt/m/n --> OT1/lmtt/m/n on input line 38.
) (/usr/local/texlive/2024/texmf-dist/tex/generic/ulem/ulem.sty
\UL@box=\box95
\UL@hyphenbox=\box96
\UL@skip=\skip82
\UL@hook=\toks60
\UL@height=\dimen307
\UL@pe=\count455
\UL@pixel=\dimen308
\ULC@box=\box97
Package: ulem 2019/11/18
\ULdepth=\dimen309
) (/usr/local/texlive/2024/texmf-dist/tex/latex/minted/minted.sty
Package: minted 2023/12/18 v2.9 Yet another Pygments shim for LaTeX
 (/usr/local/texlive/2024/texmf-dist/tex/latex/fvextra/fvextra.sty
Package: fvextra 2023/11/28 v1.6.1 fvextra - extensions and patches for fancyvrb
 (/usr/local/texlive/2024/texmf-dist/tex/latex/fancyvrb/fancyvrb.sty
Package: fancyvrb 2024/01/20 4.5c verbatim text (tvz,hv)
\FV@CodeLineNo=\count456
\FV@InFile=\read4
\FV@TabBox=\box98
\c@FancyVerbLine=\count457
\FV@StepNumber=\count458
\FV@OutFile=\write5
) (/usr/local/texlive/2024/texmf-dist/tex/latex/upquote/upquote.sty
Package: upquote 2012/04/19 v1.3 upright-quote and grave-accent glyphs in verbatim
) (/usr/local/texlive/2024/texmf-dist/tex/latex/lineno/lineno.sty
Package: lineno 2023/05/20 line numbers on paragraphs v5.3
\linenopenalty=\count459
\output=\toks61
\linenoprevgraf=\count460
\linenumbersep=\dimen310
\linenumberwidth=\dimen311
\c@linenumber=\count461
\c@pagewiselinenumber=\count462
\c@LN@truepage=\count463
\c@internallinenumber=\count464
\c@internallinenumbers=\count465
\quotelinenumbersep=\dimen312
\bframerule=\dimen313
\bframesep=\dimen314
\bframebox=\box99
\linenoamsmath@ams@eqpen=\count466


LaTeX Warning: Command \@parboxrestore  has changed.
               Check if current package is valid.

LaTeX Info: Redefining \\ on input line 3180.
)

Package fvextra Warning: csquotes should be loaded after fvextra, to avoid a warning from the lineno package on input line 36.

\c@FancyVerbWriteLine=\count467
\c@FancyVerbBufferIndex=\count468
\c@FancyVerbBufferLength=\count469
\c@FancyVerbBufferLine=\count470
\c@FV@oldbufferlength=\count471
\c@FV@TrueTabGroupLevel=\count472
\c@FV@TrueTabCounter=\count473
\FV@TabBox@Group=\box100
\FV@TmpLength=\skip83
\c@FV@HighlightLinesStart=\count474
\c@FV@HighlightLinesStop=\count475
\FV@LoopCount=\count476
\FV@NCharsBox=\box101
\FV@BreakIndent=\dimen315
\FV@BreakIndentNChars=\count477
\FV@BreakSymbolSepLeft=\dimen316
\FV@BreakSymbolSepLeftNChars=\count478
\FV@BreakSymbolSepRight=\dimen317
\FV@BreakSymbolSepRightNChars=\count479
\FV@BreakSymbolIndentLeft=\dimen318
\FV@BreakSymbolIndentLeftNChars=\count480
\FV@BreakSymbolIndentRight=\dimen319
\FV@BreakSymbolIndentRightNChars=\count481
\c@FancyVerbLineBreakLast=\count482
\FV@LineBox=\box102
\FV@LineIndentBox=\box103
\c@FV@BreakBufferDepth=\count483
\FV@LineWidth=\dimen320
) (/usr/local/texlive/2024/texmf-dist/tex/latex/tools/shellesc.sty
Package: shellesc 2023/07/08 v1.0d unified shell escape interface for LaTeX
Package shellesc Info: Unrestricted shell escape enabled on input line 75.
) (/usr/local/texlive/2024/texmf-dist/tex/latex/ifplatform/ifplatform.sty
Package: ifplatform 2017/10/13 v0.4a Testing for the operating system
 (/usr/local/texlive/2024/texmf-dist/tex/generic/catchfile/catchfile.sty
Package: catchfile 2019/12/09 v1.8 Catch the contents of a file (HO)
 (/usr/local/texlive/2024/texmf-dist/tex/generic/etexcmds/etexcmds.sty
Package: etexcmds 2019/12/15 v1.7 Avoid name clashes with e-TeX commands (HO)
)) (/usr/local/texlive/2024/texmf-dist/tex/generic/iftex/ifluatex.sty
Package: ifluatex 2019/10/25 v1.5 ifluatex legacy package. Use iftex instead.
)
runsystem(uname -s > "agdaStage.w18")...executed.

 (./agdaStage.w18)
runsystem(rm -- "agdaStage.w18")...executed.

) (/usr/local/texlive/2024/texmf-dist/tex/generic/xstring/xstring.sty (/usr/local/texlive/2024/texmf-dist/tex/generic/xstring/xstring.tex
\xs_counta=\count484
\xs_countb=\count485
)
Package: xstring 2023/08/22 v1.86 String manipulations (CT)
) (/usr/local/texlive/2024/texmf-dist/tex/latex/framed/framed.sty
Package: framed 2011/10/22 v 0.96: framed or shaded text with page breaks
\OuterFrameSep=\skip84
\fb@frw=\dimen321
\fb@frh=\dimen322
\FrameRule=\dimen323
\FrameSep=\dimen324
)
\minted@appexistsfile=\read5
\minted@bgbox=\box104
\minted@code=\write6
\c@minted@FancyVerbLineTemp=\count486
\c@minted@pygmentizecounter=\count487
\@float@every@listing=\toks62
\c@listing=\count488
)
runsystem(mkdir -p _minted-agdaStage)...executed.

 (/usr/local/texlive/2024/texmf-dist/tex/latex/gensymb/gensymb.sty
Package: gensymb 2022/10/17 v1.0.2 (KJH)
) (/usr/local/texlive/2024/texmf-dist/tex/latex/forest/forest.sty
Package: forest 2017/07/14 v2.1.5 Drawing (linguistic) trees
 (/usr/local/texlive/2024/texmf-dist/tex/generic/pgf/frontendlayer/tikz/libraries/tikzlibraryshapes.code.tex
File: tikzlibraryshapes.code.tex 2023-01-15 v3.1.10 (3.1.10)
 (/usr/local/texlive/2024/texmf-dist/tex/generic/pgf/frontendlayer/tikz/libraries/tikzlibraryshapes.geometric.code.tex
File: tikzlibraryshapes.geometric.code.tex 2023-01-15 v3.1.10 (3.1.10)
 (/usr/local/texlive/2024/texmf-dist/tex/generic/pgf/libraries/shapes/pgflibraryshapes.geometric.code.tex
File: pgflibraryshapes.geometric.code.tex 2023-01-15 v3.1.10 (3.1.10)
)) (/usr/local/texlive/2024/texmf-dist/tex/generic/pgf/frontendlayer/tikz/libraries/tikzlibraryshapes.misc.code.tex
File: tikzlibraryshapes.misc.code.tex 2023-01-15 v3.1.10 (3.1.10)
 (/usr/local/texlive/2024/texmf-dist/tex/generic/pgf/libraries/shapes/pgflibraryshapes.misc.code.tex
File: pgflibraryshapes.misc.code.tex 2023-01-15 v3.1.10 (3.1.10)
)) (/usr/local/texlive/2024/texmf-dist/tex/generic/pgf/frontendlayer/tikz/libraries/tikzlibraryshapes.symbols.code.tex
File: tikzlibraryshapes.symbols.code.tex 2023-01-15 v3.1.10 (3.1.10)
 (/usr/local/texlive/2024/texmf-dist/tex/generic/pgf/libraries/shapes/pgflibraryshapes.symbols.code.tex
File: pgflibraryshapes.symbols.code.tex 2023-01-15 v3.1.10 (3.1.10)
)) (/usr/local/texlive/2024/texmf-dist/tex/generic/pgf/frontendlayer/tikz/libraries/tikzlibraryshapes.arrows.code.tex
File: tikzlibraryshapes.arrows.code.tex 2023-01-15 v3.1.10 (3.1.10)
 (/usr/local/texlive/2024/texmf-dist/tex/generic/pgf/libraries/shapes/pgflibraryshapes.arrows.code.tex
File: pgflibraryshapes.arrows.code.tex 2023-01-15 v3.1.10 (3.1.10)
)) (/usr/local/texlive/2024/texmf-dist/tex/generic/pgf/frontendlayer/tikz/libraries/tikzlibraryshapes.callouts.code.tex (/usr/local/texlive/2024/texmf-dist/tex/generic/pgf/libraries/shapes/pgflibraryshapes.callouts.code.tex))) (/usr/local/texlive/2024/texmf-dist/tex/generic/pgf/frontendlayer/tikz/libraries/tikzlibraryfit.code.tex
File: tikzlibraryfit.code.tex 2023-01-15 v3.1.10 (3.1.10)
) (/usr/local/texlive/2024/texmf-dist/tex/latex/pgfopts/pgfopts.sty
Package: pgfopts 2014/07/10 v2.1a LaTeX package options with pgfkeys
\pgfopts@list@add@a@toks=\toks63
\pgfopts@list@add@b@toks=\toks64
) (/usr/local/texlive/2024/texmf-dist/tex/latex/elocalloc/elocalloc.sty
Package: elocalloc 2016/12/15 v0.03 local allocation for LaTeX 2015+ (DPC)
) (/usr/local/texlive/2024/texmf-dist/tex/latex/environ/environ.sty
Package: environ 2014/05/04 v0.3 A new way to define environments
 (/usr/local/texlive/2024/texmf-dist/tex/latex/trimspaces/trimspaces.sty
Package: trimspaces 2009/09/17 v1.1 Trim spaces around a token list
)) (/usr/local/texlive/2024/texmf-dist/tex/latex/inlinedef/inlinedef.sty
Package: inlinedef 2008/07/10 v1.0 Inlined expansions within definitions
\ID@toks=\toks65
\ID@count=\count489
)
\ID@usercommands=\toks66
\safeloop@depth=\count490
\safeRKloop@depth=\count491
\forest@temp@dimen=\dimen325
\forest@temp@count=\count492
\forest@n=\count493
\forest@temp@global@count=\count494
\forest@temp@toks=\toks67
\forest@temparray@M=\count495
\forest@temparray@N=\count496
\forest@global@temparray@M=\count497
\forest@global@temparray@N=\count498
\forest@isnum@count=\count499
\forest@isdim@nonintpart=\count500
\forest@isdim@dimen=\dimen326
\forest@sort@m=\count501
\forest@sort@k=\count502
\forest@sort@p=\count503
\bracket@content=\toks68
\bracket@afterthought=\toks69
\forest@node@maxid=\count504
\forest@process@left@M=\count505
\forest@process@left@N=\count506
\forest@process@right@M=\count507
\forest@process@right@N=\count508
\forest@process@saved@M=\count509
\forest@process@saved@N=\count510
\forest@process@result@M=\count511
\forest@process@result@N=\count512
\forest@process@n=\count513
\forest@nodewalk@branch@toks=\toks70
\forest@nodewalk@shortsteps@resolution=\toks71
\forest@do@dynamics=\toks72
\forest@box=\box105
\forest@xg=\dimen327
\forest@yg=\dimen328
\forest@xs=\dimen329
\forest@ys=\dimen330
\forest@pi@toks=\toks73
\forest@segment@toks=\toks74
\forest@PIi@toks=\toks75
\forest@PIii@toks=\toks76
\forest@copy@in=\read6
\forest@copy@out=\write7
\forest@externalize@max@outer@n=\count514
\forest@externalize@inner@n=\count515
) (/usr/local/texlive/2024/texmf-dist/tex/latex/fontawesome/fontawesome.sty
Package: fontawesome 2016/05/15 v4.6.3.1 font awesome icons
 (/usr/local/texlive/2024/texmf-dist/tex/generic/iftex/ifxetex.sty
Package: ifxetex 2019/10/25 v0.7 ifxetex legacy package. Use iftex instead.
) (/usr/local/texlive/2024/texmf-dist/tex/latex/fontawesome/fontawesomesymbols-generic.tex) (/usr/local/texlive/2024/texmf-dist/tex/latex/fontawesome/fontawesomesymbols-pdftex.tex)) (/usr/local/texlive/2024/texmf-dist/tex/latex/varwidth/varwidth.sty
Package: varwidth 2009/03/30 ver 0.92;  Variable-width minipages
\@vwid@box=\box106
\sift@deathcycles=\count516
\@vwid@loff=\dimen331
\@vwid@roff=\dimen332
) (/usr/local/texlive/2024/texmf-dist/tex/latex/lipsum/lipsum.sty (/usr/local/texlive/2024/texmf-dist/tex/latex/l3packages/l3keys2e/l3keys2e.sty
Package: l3keys2e 2024-02-18 LaTeX2e option processing using LaTeX3 keys
)
Package: lipsum 2021-09-20 v2.7 150 paragraphs of Lorem Ipsum dummy text
\g__lipsum_par_int=\count517
\l__lipsum_a_int=\count518
\l__lipsum_b_int=\count519
 (/usr/local/texlive/2024/texmf-dist/tex/latex/lipsum/lipsum.ltd.tex)) (/usr/local/texlive/2024/texmf-dist/tex/latex/mdframed/mdframed.sty
Package: mdframed 2013/07/01 1.9b: mdframed
 (/usr/local/texlive/2024/texmf-dist/tex/latex/zref/zref-abspage.sty
Package: zref-abspage 2023-09-14 v2.35 Module abspage for zref (HO)
 (/usr/local/texlive/2024/texmf-dist/tex/latex/zref/zref-base.sty
Package: zref-base 2023-09-14 v2.35 Module base for zref (HO)
 (/usr/local/texlive/2024/texmf-dist/tex/generic/kvdefinekeys/kvdefinekeys.sty
Package: kvdefinekeys 2019-12-19 v1.6 Define keys (HO)
) (/usr/local/texlive/2024/texmf-dist/tex/latex/auxhook/auxhook.sty
Package: auxhook 2019-12-17 v1.6 Hooks for auxiliary files (HO)
)
Package zref Info: New property list: main on input line 767.
Package zref Info: New property: default on input line 768.
Package zref Info: New property: page on input line 769.
)
\c@abspage=\count520
Package zref Info: New property: abspage on input line 67.
) (/usr/local/texlive/2024/texmf-dist/tex/latex/needspace/needspace.sty
Package: needspace 2010/09/12 v1.3d reserve vertical space
)
\mdf@templength=\skip85
\c@mdf@globalstyle@cnt=\count521
\mdf@skipabove@length=\skip86
\mdf@skipbelow@length=\skip87
\mdf@leftmargin@length=\skip88
\mdf@rightmargin@length=\skip89
\mdf@innerleftmargin@length=\skip90
\mdf@innerrightmargin@length=\skip91
\mdf@innertopmargin@length=\skip92
\mdf@innerbottommargin@length=\skip93
\mdf@splittopskip@length=\skip94
\mdf@splitbottomskip@length=\skip95
\mdf@outermargin@length=\skip96
\mdf@innermargin@length=\skip97
\mdf@linewidth@length=\skip98
\mdf@innerlinewidth@length=\skip99
\mdf@middlelinewidth@length=\skip100
\mdf@outerlinewidth@length=\skip101
\mdf@roundcorner@length=\skip102
\mdf@footenotedistance@length=\skip103
\mdf@userdefinedwidth@length=\skip104
\mdf@needspace@length=\skip105
\mdf@frametitleaboveskip@length=\skip106
\mdf@frametitlebelowskip@length=\skip107
\mdf@frametitlerulewidth@length=\skip108
\mdf@frametitleleftmargin@length=\skip109
\mdf@frametitlerightmargin@length=\skip110
\mdf@shadowsize@length=\skip111
\mdf@extratopheight@length=\skip112
\mdf@subtitleabovelinewidth@length=\skip113
\mdf@subtitlebelowlinewidth@length=\skip114
\mdf@subtitleaboveskip@length=\skip115
\mdf@subtitlebelowskip@length=\skip116
\mdf@subtitleinneraboveskip@length=\skip117
\mdf@subtitleinnerbelowskip@length=\skip118
\mdf@subsubtitleabovelinewidth@length=\skip119
\mdf@subsubtitlebelowlinewidth@length=\skip120
\mdf@subsubtitleaboveskip@length=\skip121
\mdf@subsubtitlebelowskip@length=\skip122
\mdf@subsubtitleinneraboveskip@length=\skip123
\mdf@subsubtitleinnerbelowskip@length=\skip124
 (/usr/local/texlive/2024/texmf-dist/tex/latex/mdframed/md-frame-0.mdf
File: md-frame-0.mdf 2013/07/01\ 1.9b: md-frame-0
)
\mdf@frametitlebox=\box107
\mdf@footnotebox=\box108
\mdf@splitbox@one=\box109
\mdf@splitbox@two=\box110
\mdf@splitbox@save=\box111
\mdfsplitboxwidth=\skip125
\mdfsplitboxtotalwidth=\skip126
\mdfsplitboxheight=\skip127
\mdfsplitboxdepth=\skip128
\mdfsplitboxtotalheight=\skip129
\mdfframetitleboxwidth=\skip130
\mdfframetitleboxtotalwidth=\skip131
\mdfframetitleboxheight=\skip132
\mdfframetitleboxdepth=\skip133
\mdfframetitleboxtotalheight=\skip134
\mdffootnoteboxwidth=\skip135
\mdffootnoteboxtotalwidth=\skip136
\mdffootnoteboxheight=\skip137
\mdffootnoteboxdepth=\skip138
\mdffootnoteboxtotalheight=\skip139
\mdftotallinewidth=\skip140
\mdfboundingboxwidth=\skip141
\mdfboundingboxtotalwidth=\skip142
\mdfboundingboxheight=\skip143
\mdfboundingboxdepth=\skip144
\mdfboundingboxtotalheight=\skip145
\mdf@freevspace@length=\skip146
\mdf@horizontalwidthofbox@length=\skip147
\mdf@verticalmarginwhole@length=\skip148
\mdf@horizontalspaceofbox=\skip149
\mdfsubtitleheight=\skip150
\mdfsubsubtitleheight=\skip151
\c@mdfcountframes=\count522

****** mdframed patching \endmdf@trivlist

****** -- success******

\mdf@envdepth=\count523
\c@mdf@env@i=\count524
\c@mdf@env@ii=\count525
\c@mdf@zref@counter=\count526
Package zref Info: New property: mdf@pagevalue on input line 895.
) (/usr/local/texlive/2024/texmf-dist/tex/latex/hyperref/hyperref.sty
Package: hyperref 2024-01-20 v7.01h Hypertext links for LaTeX
 (/usr/local/texlive/2024/texmf-dist/tex/generic/pdfescape/pdfescape.sty
Package: pdfescape 2019/12/09 v1.15 Implements pdfTeX's escape features (HO)
) (/usr/local/texlive/2024/texmf-dist/tex/latex/hycolor/hycolor.sty
Package: hycolor 2020-01-27 v1.10 Color options for hyperref/bookmark (HO)
) (/usr/local/texlive/2024/texmf-dist/tex/latex/hyperref/nameref.sty
Package: nameref 2023-11-26 v2.56 Cross-referencing by name of section
 (/usr/local/texlive/2024/texmf-dist/tex/latex/refcount/refcount.sty
Package: refcount 2019/12/15 v3.6 Data extraction from label references (HO)
) (/usr/local/texlive/2024/texmf-dist/tex/generic/gettitlestring/gettitlestring.sty
Package: gettitlestring 2019/12/15 v1.6 Cleanup title references (HO)
)
\c@section@level=\count527
)
\@linkdim=\dimen333
\Hy@linkcounter=\count528
\Hy@pagecounter=\count529
 (/usr/local/texlive/2024/texmf-dist/tex/latex/hyperref/pd1enc.def
File: pd1enc.def 2024-01-20 v7.01h Hyperref: PDFDocEncoding definition (HO)
Now handling font encoding PD1 ...
... no UTF-8 mapping file for font encoding PD1
) (/usr/local/texlive/2024/texmf-dist/tex/generic/intcalc/intcalc.sty
Package: intcalc 2019/12/15 v1.3 Expandable calculations with integers (HO)
)
\Hy@SavedSpaceFactor=\count530
 (/usr/local/texlive/2024/texmf-dist/tex/latex/hyperref/puenc.def
File: puenc.def 2024-01-20 v7.01h Hyperref: PDF Unicode definition (HO)
Now handling font encoding PU ...
... no UTF-8 mapping file for font encoding PU
)
Package hyperref Info: Hyper figures OFF on input line 4179.
Package hyperref Info: Link nesting OFF on input line 4184.
Package hyperref Info: Hyper index ON on input line 4187.
Package hyperref Info: Plain pages OFF on input line 4194.
Package hyperref Info: Backreferencing OFF on input line 4199.
Package hyperref Info: Implicit mode ON; LaTeX internals redefined.
Package hyperref Info: Bookmarks ON on input line 4446.
\c@Hy@tempcnt=\count531
LaTeX Info: Redefining \url on input line 4784.
\XeTeXLinkMargin=\dimen334
 (/usr/local/texlive/2024/texmf-dist/tex/generic/bitset/bitset.sty
Package: bitset 2019/12/09 v1.3 Handle bit-vector datatype (HO)
 (/usr/local/texlive/2024/texmf-dist/tex/generic/bigintcalc/bigintcalc.sty
Package: bigintcalc 2019/12/15 v1.5 Expandable calculations on big integers (HO)
))
\Fld@menulength=\count532
\Field@Width=\dimen335
\Fld@charsize=\dimen336
Package hyperref Info: Hyper figures OFF on input line 6063.
Package hyperref Info: Link nesting OFF on input line 6068.
Package hyperref Info: Hyper index ON on input line 6071.
Package hyperref Info: backreferencing OFF on input line 6078.
Package hyperref Info: Link coloring OFF on input line 6083.
Package hyperref Info: Link coloring with OCG OFF on input line 6088.
Package hyperref Info: PDF/A mode OFF on input line 6093.
 (/usr/local/texlive/2024/texmf-dist/tex/latex/base/atbegshi-ltx.sty
Package: atbegshi-ltx 2021/01/10 v1.0c Emulation of the original atbegshi
package with kernel methods
)
\Hy@abspage=\count533
\c@Item=\count534
\c@Hfootnote=\count535
)
Package hyperref Info: Driver (autodetected): hpdftex.
 (/usr/local/texlive/2024/texmf-dist/tex/latex/hyperref/hpdftex.def
File: hpdftex.def 2024-01-20 v7.01h Hyperref driver for pdfTeX
 (/usr/local/texlive/2024/texmf-dist/tex/latex/base/atveryend-ltx.sty
Package: atveryend-ltx 2020/08/19 v1.0a Emulation of the original atveryend package
with kernel methods
)
\HyAnn@Count=\count536
\Fld@listcount=\count537
\c@bookmark@seq@number=\count538
 (/usr/local/texlive/2024/texmf-dist/tex/latex/rerunfilecheck/rerunfilecheck.sty
Package: rerunfilecheck 2022-07-10 v1.10 Rerun checks for auxiliary files (HO)
 (/usr/local/texlive/2024/texmf-dist/tex/generic/uniquecounter/uniquecounter.sty
Package: uniquecounter 2019/12/15 v1.4 Provide unlimited unique counter (HO)
)
Package uniquecounter Info: New unique counter `rerunfilecheck' on input line 285.
)
\Hy@SectionHShift=\skip152
) (/usr/local/texlive/2024/texmf-dist/tex/latex/bussproofs/bussproofs.sty
Proof Tree (bussproofs) style macros. Version 1.1.
\theLevel=\count539
\myMaxLevel=\count540
\myBoxA=\box112
\myBoxB=\box113
\myBoxC=\box114
\myBoxD=\box115
\myBoxLL=\box116
\myBoxRL=\box117
\thisAboveSkip=\dimen337
\thisBelowSkip=\dimen338
\newScoreStart=\dimen339
\newScoreEnd=\dimen340
\newCenter=\dimen341
\displace=\dimen342
\leftLowerAmt=\dimen343
\rightLowerAmt=\dimen344
\scoreHeight=\dimen345
\scoreDepth=\dimen346
\htLbox=\dimen347
\htRbox=\dimen348
\htRRbox=\dimen349
\htRRRbox=\dimen350
\htAbox=\dimen351
\htCbox=\dimen352
) (/usr/local/texlive/2024/texmf-dist/tex/latex/newpx/newpxtext.sty
Package: newpxtext 2024/02/09 v1.536(Michael Sharpe) latex and unicode latex support for TeXGyrePagellaX
 `newpxtext' v1.536, 2024/02/09 Text macros taking advantage of TeXGyre Pagella and its extensions (msharpe) (/usr/local/texlive/2024/texmf-dist/tex/latex/base/fontenc.sty
Package: fontenc 2021/04/29 v2.0v Standard LaTeX package
LaTeX Font Info:    Trying to load font information for T1+lmr on input line 112.
 (/usr/local/texlive/2024/texmf-dist/tex/latex/lm/t1lmr.fd
File: t1lmr.fd 2015/05/01 v1.6.1 Font defs for Latin Modern
)) (/usr/local/texlive/2024/texmf-dist/tex/latex/xpatch/xpatch.sty
Package: xpatch 2020/03/25 v0.3a Extending etoolbox patching commands
) (/usr/local/texlive/2024/texmf-dist/tex/latex/xkeyval/xkeyval.sty
Package: xkeyval 2022/06/16 v2.9 package option processing (HA)
 (/usr/local/texlive/2024/texmf-dist/tex/generic/xkeyval/xkeyval.tex (/usr/local/texlive/2024/texmf-dist/tex/generic/xkeyval/xkvutils.tex
\XKV@toks=\toks77
\XKV@tempa@toks=\toks78
)
\XKV@depth=\count541
File: xkeyval.tex 2014/12/03 v2.7a key=value parser (HA)
)) (/usr/local/texlive/2024/texmf-dist/tex/latex/carlisle/scalefnt.sty)
LaTeX Font Info:    Setting zplLF sub-encoding to TS1/0 on input line 26.
LaTeX Font Info:    Setting zplTLF sub-encoding to TS1/0 on input line 26.
LaTeX Font Info:    Setting zplOsF sub-encoding to TS1/0 on input line 26.
LaTeX Font Info:    Setting zplTOsF sub-encoding to TS1/0 on input line 26.
\zpl@cnt=\count542
 (/usr/local/texlive/2024/texmf-dist/tex/latex/fontaxes/fontaxes.sty
Package: fontaxes 2020/07/21 v1.0e Font selection axes
LaTeX Info: Redefining \upshape on input line 29.
LaTeX Info: Redefining \itshape on input line 31.
LaTeX Info: Redefining \slshape on input line 33.
LaTeX Info: Redefining \swshape on input line 35.
LaTeX Info: Redefining \scshape on input line 37.
LaTeX Info: Redefining \sscshape on input line 39.
LaTeX Info: Redefining \ulcshape on input line 41.
LaTeX Info: Redefining \textsw on input line 47.
LaTeX Info: Redefining \textssc on input line 48.
LaTeX Info: Redefining \textulc on input line 49.
)
\zpl@sixem=\dimen353
\zpl@y=\dimen354
\zpl@x=\dimen355
\zpl@tmpdima=\dimen356
\zpl@tmpdimb=\dimen357
\zpl@tmpdimc=\dimen358
\zpl@tmpdimd=\dimen359
\zpl@tmpdime=\dimen360
\zpl@tmpdimf=\dimen361
\zpl@dimA=\dimen362
\zpl@dimAA=\dimen363
\zpl@dimB=\dimen364
\zpl@dimBB=\dimen365
\zpl@dimC=\dimen366
LaTeX Info: Redefining \oldstylenums on input line 789.
LaTeX Font Info:    Trying to load font information for T1+zplLF on input line 798.
 (/usr/local/texlive/2024/texmf-dist/tex/latex/newpx/t1zpllf.fd
File: t1zpllf.fd 2021/05/25 v1.0 font definition file for T1/zpl/lf
)
LaTeX Font Info:    Trying to load font information for T1+zplTLF on input line 799.
 (/usr/local/texlive/2024/texmf-dist/tex/latex/newpx/t1zpltlf.fd
File: t1zpltlf.fd 2021/05/25 v1.0 font definition file for T1/zpl/tlf
)
LaTeX Font Info:    Trying to load font information for T1+zplOsF on input line 800.
 (/usr/local/texlive/2024/texmf-dist/tex/latex/newpx/t1zplosf.fd
File: t1zplosf.fd 2021/05/25 v1.0 font definition file for T1/zpl/osf
)
LaTeX Font Info:    Trying to load font information for T1+zplTOsF on input line 801.
 (/usr/local/texlive/2024/texmf-dist/tex/latex/newpx/t1zpltosf.fd
File: t1zpltosf.fd 2021/05/25 v1.0 font definition file for T1/zpl/tosf
)) (/usr/local/texlive/2024/texmf-dist/tex/latex/newpx/newpxmath.sty
Package: newpxmath 2023/11/08 v1.533
 `newpxmath' v1.533, 2023/11/08 Math macros based on pxfonts (msharpe) (/usr/local/texlive/2024/texmf-dist/tex/generic/kastrup/binhex.tex) (/usr/local/texlive/2024/texmf-dist/tex/latex/oberdiek/centernot.sty
Package: centernot 2016/05/16 v1.4 Centers the not symbol horizontally (HO)
)
\px@tA=\toks79
\px@tB=\toks80
\px@su=\read7
\px@Isdigit=\count543

amsthm NOT loaded
LaTeX Font Info:    Redeclaring symbol font `operators' on input line 222.
LaTeX Font Info:    Overwriting symbol font `operators' in version `normal'
(Font)                  OT1/lmr/m/n --> OT1/zpltlf/m/n on input line 222.
LaTeX Font Info:    Overwriting symbol font `operators' in version `bold'
(Font)                  OT1/lmr/bx/n --> OT1/zpltlf/m/n on input line 222.
LaTeX Font Info:    Overwriting symbol font `operators' in version `bold'
(Font)                  OT1/zpltlf/m/n --> OT1/zpltlf/b/n on input line 223.
LaTeX Font Info:    Redeclaring math alphabet \mathsf on input line 226.
LaTeX Font Info:    Overwriting math alphabet `\mathsf' in version `normal'
(Font)                  OT1/lmss/m/n --> T1/lmss/m/n on input line 226.
LaTeX Font Info:    Overwriting math alphabet `\mathsf' in version `bold'
(Font)                  OT1/lmss/bx/n --> T1/lmss/m/n on input line 226.
LaTeX Font Info:    Redeclaring math alphabet \mathit on input line 227.
LaTeX Font Info:    Overwriting math alphabet `\mathit' in version `normal'
(Font)                  OT1/lmr/m/it --> OT1/zpltlf/m/it on input line 227.
LaTeX Font Info:    Overwriting math alphabet `\mathit' in version `bold'
(Font)                  OT1/lmr/bx/it --> OT1/zpltlf/m/it on input line 227.
LaTeX Font Info:    Redeclaring math alphabet \mathtt on input line 228.
LaTeX Font Info:    Overwriting math alphabet `\mathtt' in version `normal'
(Font)                  OT1/lmtt/m/n --> T1/lmtt/m/n on input line 228.
LaTeX Font Info:    Overwriting math alphabet `\mathtt' in version `bold'
(Font)                  OT1/lmtt/m/n --> T1/lmtt/m/n on input line 228.
LaTeX Font Info:    Redeclaring math alphabet \mathbf on input line 230.
LaTeX Font Info:    Overwriting math alphabet `\mathbf' in version `normal'
(Font)                  OT1/lmr/bx/n --> OT1/zpltlf/b/n on input line 230.
LaTeX Font Info:    Overwriting math alphabet `\mathbf' in version `bold'
(Font)                  OT1/lmr/bx/n --> OT1/zpltlf/b/n on input line 230.
LaTeX Font Info:    Overwriting math alphabet `\mathit' in version `bold'
(Font)                  OT1/zpltlf/m/it --> OT1/zpltlf/b/it on input line 231.
LaTeX Font Info:    Overwriting math alphabet `\mathsf' in version `bold'
(Font)                  T1/lmss/m/n --> T1/lmss/b/n on input line 233.
LaTeX Font Info:    Overwriting math alphabet `\mathtt' in version `bold'
(Font)                  T1/lmtt/m/n --> T1/lmtt/b/n on input line 234.
LaTeX Font Info:    Redeclaring symbol font `letters' on input line 245.
LaTeX Font Info:    Overwriting symbol font `letters' in version `normal'
(Font)                  OML/lmm/m/it --> OML/npxmi/m/it on input line 245.
LaTeX Font Info:    Overwriting symbol font `letters' in version `bold'
(Font)                  OML/lmm/b/it --> OML/npxmi/m/it on input line 245.
LaTeX Font Info:    Overwriting symbol font `letters' in version `bold'
(Font)                  OML/npxmi/m/it --> OML/npxmi/b/it on input line 246.
\symlettersA=\mathgroup7
LaTeX Font Info:    Overwriting symbol font `lettersA' in version `bold'
(Font)                  U/npxmia/m/it --> U/npxmia/b/it on input line 264.
LaTeX Font Info:    Redeclaring math alphabet \mathfrak on input line 266.
Now handling font encoding LMS ...
... no UTF-8 mapping file for font encoding LMS
LaTeX Font Info:    Redeclaring symbol font `symbols' on input line 274.
LaTeX Font Info:    Encoding `OMS' has changed to `LMS' for symbol font
(Font)              `symbols' in the math version `normal' on input line 274.
LaTeX Font Info:    Overwriting symbol font `symbols' in version `normal'
(Font)                  OMS/lmsy/m/n --> LMS/npxsy/m/n on input line 274.
LaTeX Font Info:    Encoding `OMS' has changed to `LMS' for symbol font
(Font)              `symbols' in the math version `bold' on input line 274.
LaTeX Font Info:    Overwriting symbol font `symbols' in version `bold'
(Font)                  OMS/lmsy/b/n --> LMS/npxsy/m/n on input line 274.
LaTeX Font Info:    Overwriting symbol font `symbols' in version `bold'
(Font)                  LMS/npxsy/m/n --> LMS/npxsy/b/n on input line 275.
\symAMSm=\mathgroup8
LaTeX Font Info:    Overwriting symbol font `AMSm' in version `bold'
(Font)                  U/npxsym/m/n --> U/npxsym/b/n on input line 295.
\symsymbolsC=\mathgroup9
LaTeX Font Info:    Overwriting symbol font `symbolsC' in version `bold'
(Font)                  U/npxsyc/m/n --> U/npxsyc/b/n on input line 317.
Now handling font encoding LMX ...
... no UTF-8 mapping file for font encoding LMX
LaTeX Font Info:    Redeclaring symbol font `largesymbols' on input line 337.
LaTeX Font Info:    Encoding `OMX' has changed to `LMX' for symbol font
(Font)              `largesymbols' in the math version `normal' on input line 337.
LaTeX Font Info:    Overwriting symbol font `largesymbols' in version `normal'
(Font)                  OMX/lmex/m/n --> LMX/npxexx/m/n on input line 337.
LaTeX Font Info:    Encoding `OMX' has changed to `LMX' for symbol font
(Font)              `largesymbols' in the math version `bold' on input line 337.
LaTeX Font Info:    Overwriting symbol font `largesymbols' in version `bold'
(Font)                  OMX/lmex/m/n --> LMX/npxexx/m/n on input line 337.
LaTeX Font Info:    Overwriting symbol font `largesymbols' in version `bold'
(Font)                  LMX/npxexx/m/n --> LMX/npxexx/b/n on input line 338.
\symlargesymbolsPXA=\mathgroup10
LaTeX Font Info:    Overwriting symbol font `largesymbolsPXA' in version `bold'
(Font)                  U/npxexa/m/n --> U/npxexa/b/n on input line 345.
\px@cntz=\count544
\px@IsAlNum=\count545
\px@sbptoks=\toks81
LaTeX Font Info:    Redeclaring math delimiter \lfloor on input line 500.
LaTeX Font Info:    Redeclaring math delimiter \rfloor on input line 501.
LaTeX Font Info:    Redeclaring math delimiter \lceil on input line 502.
LaTeX Font Info:    Redeclaring math delimiter \rceil on input line 503.
LaTeX Font Info:    Redeclaring math delimiter \lbrace on input line 508.
LaTeX Font Info:    Redeclaring math delimiter \rbrace on input line 509.
LaTeX Font Info:    Redeclaring math delimiter \langle on input line 511.
LaTeX Font Info:    Redeclaring math delimiter \rangle on input line 513.
LaTeX Font Info:    Redeclaring math delimiter \arrowvert on input line 517.
LaTeX Font Info:    Redeclaring math delimiter \vert on input line 518.
LaTeX Font Info:    Redeclaring math symbol \parallel on input line 519.
LaTeX Font Info:    Redeclaring math delimiter \Arrowvert on input line 520.
LaTeX Font Info:    Redeclaring math accent \grave on input line 560.
LaTeX Font Info:    Redeclaring math accent \acute on input line 561.
LaTeX Font Info:    Redeclaring math accent \hat on input line 562.
LaTeX Font Info:    Redeclaring math accent \tilde on input line 563.
LaTeX Font Info:    Redeclaring math accent \bar on input line 564.
LaTeX Font Info:    Redeclaring math accent \breve on input line 565.
LaTeX Font Info:    Redeclaring math accent \mathring on input line 566.
LaTeX Font Info:    Redeclaring math accent \check on input line 567.
LaTeX Font Info:    Redeclaring math accent \dot on input line 571.
LaTeX Font Info:    Redeclaring math accent \ddot on input line 572.
LaTeX Font Info:    Redeclaring math accent \vec on input line 1617.
LaTeX Info: Redefining \Bbbk on input line 2194.
LaTeX Info: Redefining \not on input line 2476.
LaTeX Info: Redefining \textsquare on input line 2491.
LaTeX Info: Redefining \openbox on input line 2493.
)
\c@theo=\count546
 (/usr/local/texlive/2024/texmf-dist/tex/latex/mathtools/mathtools.sty
Package: mathtools 2024/03/11 v1.30 mathematical typesetting tools
 (/usr/local/texlive/2024/texmf-dist/tex/latex/tools/calc.sty
Package: calc 2023/07/08 v4.3 Infix arithmetic (KKT,FJ)
\calc@Acount=\count547
\calc@Bcount=\count548
\calc@Adimen=\dimen367
\calc@Bdimen=\dimen368
\calc@Askip=\skip153
\calc@Bskip=\skip154
LaTeX Info: Redefining \setlength on input line 80.
LaTeX Info: Redefining \addtolength on input line 81.
\calc@Ccount=\count549
\calc@Cskip=\skip155
) (/usr/local/texlive/2024/texmf-dist/tex/latex/mathtools/mhsetup.sty
Package: mhsetup 2021/03/18 v1.4 programming setup (MH)
)
\g_MT_multlinerow_int=\count550
\l_MT_multwidth_dim=\dimen369
\origjot=\skip156
\l_MT_shortvdotswithinadjustabove_dim=\dimen370
\l_MT_shortvdotswithinadjustbelow_dim=\dimen371
\l_MT_above_intertext_sep=\dimen372
\l_MT_below_intertext_sep=\dimen373
\l_MT_above_shortintertext_sep=\dimen374
\l_MT_below_shortintertext_sep=\dimen375
\xmathstrut@box=\box118
\xmathstrut@dim=\dimen376
)
Package hyperref Info: Option `colorlinks' set `true' on input line 100.
\c@theorem=\count551
Package hyperref Info: Option `colorlinks' set `true' on input line 174.
 (/usr/local/texlive/2024/texmf-dist/tex/latex/tcolorbox/tcolorbox.sty
Package: tcolorbox 2024/01/10 version 6.2.0 text color boxes
 (/usr/local/texlive/2024/texmf-dist/tex/latex/tools/verbatim.sty
Package: verbatim 2023-11-06 v1.5v LaTeX2e package for verbatim enhancements
\every@verbatim=\toks82
\verbatim@line=\toks83
\verbatim@in@stream=\read8
)
\tcb@titlebox=\box119
\tcb@upperbox=\box120
\tcb@lowerbox=\box121
\tcb@phantombox=\box122
\c@tcbbreakpart=\count552
\c@tcblayer=\count553
\c@tcolorbox@number=\count554
\l__tcobox_tmpa_box=\box123
\l__tcobox_tmpa_dim=\dimen377
\tcb@temp=\box124
\tcb@temp=\box125
\tcb@temp=\box126
\tcb@temp=\box127
 (/usr/local/texlive/2024/texmf-dist/tex/latex/tcolorbox/tcbraster.code.tex
Library (tcolorbox): 'tcbraster.code.tex' version '6.2.0'
\c@tcbrastercolumn=\count555
\c@tcbrasterrow=\count556
\c@tcbrasternum=\count557
\c@tcbraster=\count558
) (/usr/local/texlive/2024/texmf-dist/tex/latex/tcolorbox/tcbskins.code.tex
Library (tcolorbox): 'tcbskins.code.tex' version '6.2.0'
(/usr/local/texlive/2024/texmf-dist/tex/latex/tikzfill/tikzfill.image.sty
Package: tikzfill.image 2023/08/08 v1.0.1 Image filling library for TikZ
 (/usr/local/texlive/2024/texmf-dist/tex/latex/tikzfill/tikzfill-common.sty
Package: tikzfill-common 2023/08/08 v1.0.1 Auxiliary code for tikzfill
) (/usr/local/texlive/2024/texmf-dist/tex/latex/tikzfill/tikzlibraryfill.image.code.tex
File: tikzlibraryfill.image.code.tex 2023/08/08 v1.0.1 Image filling library
\l__tikzfill_img_box=\box128
)) (/usr/local/texlive/2024/texmf-dist/tex/latex/tcolorbox/tcbskinsjigsaw.code.tex
Library (tcolorbox): 'tcbskinsjigsaw.code.tex' version '6.2.0'
)) (/usr/local/texlive/2024/texmf-dist/tex/latex/tcolorbox/tcbbreakable.code.tex
Library (tcolorbox): 'tcbbreakable.code.tex' version '6.2.0'
(/usr/local/texlive/2024/texmf-dist/tex/latex/pdfcol/pdfcol.sty
Package: pdfcol 2022-09-21 v1.7 Handle new color stacks for pdfTeX (HO)
)
Package pdfcol Info: New color stack `tcb@breakable' = 1 on input line 23.
\tcb@testbox=\box129
\tcb@totalupperbox=\box130
\tcb@totallowerbox=\box131
) (/usr/local/texlive/2024/texmf-dist/tex/latex/tcolorbox/tcbhooks.code.tex
Library (tcolorbox): 'tcbhooks.code.tex' version '6.2.0'
) (/usr/local/texlive/2024/texmf-dist/tex/latex/tcolorbox/tcbtheorems.code.tex
Library (tcolorbox): 'tcbtheorems.code.tex' version '6.2.0'
) (/usr/local/texlive/2024/texmf-dist/tex/latex/tcolorbox/tcbfitting.code.tex
Library (tcolorbox): 'tcbfitting.code.tex' version '6.2.0'
\tcbfitdim=\dimen378
\tcb@lowerfitdim=\dimen379
\tcb@upperfitdim=\dimen380
\tcb@cur@hbadness=\count559
) (/usr/local/texlive/2024/texmf-dist/tex/latex/tcolorbox/tcblistingsutf8.code.tex
Library (tcolorbox): 'tcblistingsutf8.code.tex' version '6.2.0'
(/usr/local/texlive/2024/texmf-dist/tex/latex/tcolorbox/tcblistings.code.tex
Library (tcolorbox): 'tcblistings.code.tex' version '6.2.0'
(/usr/local/texlive/2024/texmf-dist/tex/latex/tcolorbox/tcblistingscore.code.tex
Library (tcolorbox): 'tcblistingscore.code.tex' version '6.2.0'
(/usr/local/texlive/2024/texmf-dist/tex/latex/tcolorbox/tcbprocessing.code.tex
Library (tcolorbox): 'tcbprocessing.code.tex' version '6.2.0'
)
\c@tcblisting=\count560
)) (/usr/local/texlive/2024/texmf-dist/tex/latex/listingsutf8/listingsutf8.sty
Package: listingsutf8 2019-12-10 v1.5 Allow UTF-8 in listings input (HO)
 (/usr/local/texlive/2024/texmf-dist/tex/generic/stringenc/stringenc.sty
Package: stringenc 2019/11/29 v1.12 Convert strings between diff. encodings (HO)
))) (/usr/local/texlive/2024/texmf-dist/tex/latex/tcolorbox/tcbexternal.code.tex
Library (tcolorbox): 'tcbexternal.code.tex' version '6.2.0'
) (/usr/local/texlive/2024/texmf-dist/tex/latex/tcolorbox/tcbmagazine.code.tex
Library (tcolorbox): 'tcbmagazine.code.tex' version '6.2.0'
) (/usr/local/texlive/2024/texmf-dist/tex/latex/tcolorbox/tcbvignette.code.tex
Library (tcolorbox): 'tcbvignette.code.tex' version '6.2.0'
(/usr/local/texlive/2024/texmf-dist/tex/generic/pgf/frontendlayer/tikz/libraries/tikzlibraryfadings.code.tex
File: tikzlibraryfadings.code.tex 2023-01-15 v3.1.10 (3.1.10)
 (/usr/local/texlive/2024/texmf-dist/tex/generic/pgf/libraries/pgflibraryfadings.code.tex
File: pgflibraryfadings.code.tex 2023-01-15 v3.1.10 (3.1.10)
))) (/usr/local/texlive/2024/texmf-dist/tex/latex/tcolorbox/tcbposter.code.tex
Library (tcolorbox): 'tcbposter.code.tex' version '6.2.0'
))
\c@tcb@cnt@Theorem=\count561
\c@tcb@cnt@Example=\count562
\c@tcb@cnt@Definition=\count563
\c@tcb@cnt@Observation=\count564
 (/usr/local/texlive/2024/texmf-dist/tex/generic/babel/babel.sty
Package: babel 2024/02/07 v24.2 The Babel package
\babel@savecnt=\count565
\U@D=\dimen381
\l@unhyphenated=\language90
 (/usr/local/texlive/2024/texmf-dist/tex/generic/babel/txtbabel.def)
\bbl@readstream=\read9
\bbl@dirlevel=\count566
 (/usr/local/texlive/2024/texmf-dist/tex/generic/babel-italian/italian.ldf
Language: italian 2024/01/03 v.1.5.00 Italian support for the babel system
\it@lettering=\count567
\it@doublequoteactive=\count568
\it@ISOcompliance=\count569
)) (/usr/local/texlive/2024/texmf-dist/tex/generic/babel/locale/it/babel-italian.tex
Package babel Info: Importing font and identification data for italian
(babel)             from babel-it.ini. Reported on input line 11.
) (/usr/local/texlive/2024/texmf-dist/tex/latex/fancyhdr/fancyhdr.sty
Package: fancyhdr 2022/11/09 v4.1 Extensive control of page headers and footers
\f@nch@headwidth=\skip157
\f@nch@O@elh=\skip158
\f@nch@O@erh=\skip159
\f@nch@O@olh=\skip160
\f@nch@O@orh=\skip161
\f@nch@O@elf=\skip162
\f@nch@O@erf=\skip163
\f@nch@O@olf=\skip164
\f@nch@O@orf=\skip165
)

Package fancyhdr Warning: \fancyfoot's `E' option without twoside option is useless.
(fancyhdr)                Please consider using the `twoside' option on input line 361.


Package fancyhdr Warning: \fancyfoot's `E' option without twoside option is useless.
(fancyhdr)                Please consider using the `twoside' option on input line 362.

Package csquotes Info: Checking for multilingual support...
Package csquotes Info: ... found 'babel' package.
Package csquotes Info: Adjusting default style.
Package csquotes Info: Redefining alias 'default' -> 'italian'.
runsystem(command -v pygmentize && touch agdaStage.aex)...executed.

runsystem(rm agdaStage.aex)...executed.

LaTeX Font Info:    Font shape `T1/zpltlf/m/n' will be
(Font)              scaled to size 10.0pt on input line 372.
(./agdaStage.aux)
\openout1 = `agdaStage.aux'.

LaTeX Font Info:    Checking defaults for OML/npxmi/m/it on input line 372.
LaTeX Font Info:    Trying to load font information for OML+npxmi on input line 372.
 (/usr/local/texlive/2024/texmf-dist/tex/latex/newpx/omlnpxmi.fd
File: omlnpxmi.fd 2013/03/21 Fontinst v1.933 font definitions for OML/npxmi.
)
LaTeX Font Info:    ... okay on input line 372.
LaTeX Font Info:    Checking defaults for OMS/cmsy/m/n on input line 372.
LaTeX Font Info:    ... okay on input line 372.
LaTeX Font Info:    Checking defaults for OT1/cmr/m/n on input line 372.
LaTeX Font Info:    ... okay on input line 372.
LaTeX Font Info:    Checking defaults for T1/cmr/m/n on input line 372.
LaTeX Font Info:    ... okay on input line 372.
LaTeX Font Info:    Checking defaults for TS1/cmr/m/n on input line 372.
LaTeX Font Info:    ... okay on input line 372.
LaTeX Font Info:    Checking defaults for OMX/cmex/m/n on input line 372.
LaTeX Font Info:    ... okay on input line 372.
LaTeX Font Info:    Checking defaults for U/npxexa/m/n on input line 372.
LaTeX Font Info:    Trying to load font information for U+npxexa on input line 372.
 (/usr/local/texlive/2024/texmf-dist/tex/latex/newpx/unpxexa.fd
File: unpxexa.fd 2013/03/24 Fontinst v1.933 font definitions for U/npxexa.
)
LaTeX Font Info:    ... okay on input line 372.
LaTeX Font Info:    Checking defaults for PD1/pdf/m/n on input line 372.
LaTeX Font Info:    ... okay on input line 372.
LaTeX Font Info:    Checking defaults for PU/pdf/m/n on input line 372.
LaTeX Font Info:    ... okay on input line 372.
LaTeX Font Info:    Checking defaults for LMS/npxsy/m/n on input line 372.
LaTeX Font Info:    Trying to load font information for LMS+npxsy on input line 372.
 (/usr/local/texlive/2024/texmf-dist/tex/latex/newpx/lmsnpxsy.fd
File: lmsnpxsy.fd 2016/07/04 Fontinst v1.933 font definitions for LMS/npxsy.
)
LaTeX Font Info:    ... okay on input line 372.
LaTeX Font Info:    Checking defaults for LMX/npxexx/m/n on input line 372.
LaTeX Font Info:    Trying to load font information for LMX+npxexx on input line 372.
 (/usr/local/texlive/2024/texmf-dist/tex/latex/newpx/lmxnpxexx.fd
File: lmxnpxexx.fd 2016/07/04 Fontinst v1.933 font definitions for LMX/npxexx.
)
LaTeX Font Info:    ... okay on input line 372.
 (/usr/local/texlive/2024/texmf-dist/tex/context/base/mkii/supp-pdf.mkii
[Loading MPS to PDF converter (version 2006.09.02).]
\scratchcounter=\count570
\scratchdimen=\dimen382
\scratchbox=\box132
\nofMPsegments=\count571
\nofMParguments=\count572
\everyMPshowfont=\toks84
\MPscratchCnt=\count573
\MPscratchDim=\dimen383
\MPnumerator=\count574
\makeMPintoPDFobject=\count575
\everyMPtoPDFconversion=\toks85
) (/usr/local/texlive/2024/texmf-dist/tex/latex/epstopdf-pkg/epstopdf-base.sty
Package: epstopdf-base 2020-01-24 v2.11 Base part for package epstopdf
Package epstopdf-base Info: Redefining graphics rule for `.eps' on input line 485.
 (/usr/local/texlive/2024/texmf-dist/tex/latex/latexconfig/epstopdf-sys.cfg
File: epstopdf-sys.cfg 2010/07/13 v1.3 Configuration of (r)epstopdf for TeX Live
))
Package biblatex Info: Trying to load language 'italian'...
Package biblatex Info: ... file 'italian.lbx' found.
 (/usr/local/texlive/2024/texmf-dist/tex/latex/biblatex/lbx/italian.lbx
File: italian.lbx 2023/03/05 v3.19 biblatex localization (PK/MW)
)
Package biblatex Info: Input encoding 'utf8' detected.
Package biblatex Info: Automatic encoding selection.
(biblatex)             Assuming data encoding 'utf8'.
\openout3 = `agdaStage.bcf'.

Package biblatex Info: Trying to load bibliographic data...
Package biblatex Info: ... file 'agdaStage.bbl' found.
 (./agdaStage.bbl)
Package biblatex Info: Reference section=0 on input line 372.
Package biblatex Info: Reference segment=0 on input line 372.

Package pgfplots notification 'compat/show suggested version=true': document has been generated with the most recent feature set (\pgfplotsset{compat=1.18}).

\c@lstlisting=\count576
*geometry* driver: auto-detecting
*geometry* detected driver: pdftex
*geometry* verbose mode - [ preamble ] result:
* driver: pdftex
* paper: letterpaper
* layout: <same size as paper>
* layoutoffset:(h,v)=(0.0pt,0.0pt)
* modes: includehead 
* h-part:(L,W,R)=(108.405pt, 433.62001pt, 72.26999pt)
* v-part:(T,H,B)=(72.26999pt, 650.43001pt, 72.26999pt)
* \paperwidth=614.295pt
* \paperheight=794.96999pt
* \textwidth=433.62001pt
* \textheight=613.43001pt
* \oddsidemargin=36.13501pt
* \evensidemargin=36.13501pt
* \topmargin=0.0pt
* \headheight=12.0pt
* \headsep=25.0pt
* \topskip=10.0pt
* \footskip=30.0pt
* \marginparwidth=0.0pt
* \marginparsep=0.0pt
* \columnsep=10.0pt
* \skip\footins=9.0pt plus 4.0pt minus 2.0pt
* \hoffset=0.0pt
* \voffset=0.0pt
* \mag=1000
* \@twocolumnfalse
* \@twosidefalse
* \@mparswitchfalse
* \@reversemarginfalse
* (1in=72.27pt=25.4mm, 1cm=28.453pt)

LaTeX Info: Command `\dddot' is already robust on input line 372.
LaTeX Info: Command `\ddddot' is already robust on input line 372.
\symgns@font=\mathgroup11
LaTeX Font Info:    Overwriting symbol font `gns@font' in version `bold'
(Font)                  TS1/zpltlf/m/n --> TS1/zpltlf/b/n on input line 372.
Package gensymb Info: Math companion symbols declared on input line 372.
LaTeX Info: Redefining \degree on input line 372.
LaTeX Info: Redefining \celsius on input line 372.
Package gensymb Info: Using text companion symbols for \degree, \celsius and \perthousand on input line 372.
LaTeX Info: Redefining \ohm on input line 372.
Package gensymb Info: Using \textohm for \ohm on input line 372.
Package gensymb Info: Using \textmu for \micro on input line 372.
Package hyperref Info: Link coloring ON on input line 372.
(./agdaStage.out) (./agdaStage.out)
\@outlinefile=\write8
\openout8 = `agdaStage.out'.

\c@mv@tabular=\count577
\c@mv@boldtabular=\count578
LaTeX Info: Redefining \it@ocap on input line 372.
LaTeX Info: Redefining \it@ccap on input line 372.
<UniversityofVerona.png, id=167, 2055.68pt x 2090.81125pt>
File: UniversityofVerona.png Graphic file (type png)
<use UniversityofVerona.png>
Package pdftex.def Info: UniversityofVerona.png  used on input line 376.
(pdftex.def)             Requested size: 130.08733pt x 132.30244pt.
LaTeX Font Info:    Font shape `T1/zpltlf/m/n' will be
(Font)              scaled to size 17.28pt on input line 381.
LaTeX Font Info:    Font shape `T1/zpltlf/m/n' will be
(Font)              scaled to size 12.0pt on input line 381.
LaTeX Font Info:    Trying to load font information for OT1+zpltlf on input line 381.
 (/usr/local/texlive/2024/texmf-dist/tex/latex/newpx/ot1zpltlf.fd
File: ot1zpltlf.fd 2021/05/25 v1.0 font definition file for OT1/zpl/tlf
)
LaTeX Font Info:    Font shape `OT1/zpltlf/m/n' will be
(Font)              scaled to size 12.0pt on input line 381.
LaTeX Font Info:    Font shape `OT1/zpltlf/m/n' will be
(Font)              scaled to size 8.8pt on input line 381.
LaTeX Font Info:    Font shape `OT1/zpltlf/m/n' will be
(Font)              scaled to size 6.6pt on input line 381.
LaTeX Font Info:    Trying to load font information for U+msa on input line 381.
 (/usr/local/texlive/2024/texmf-dist/tex/latex/amsfonts/umsa.fd
File: umsa.fd 2013/01/14 v3.01 AMS symbols A
)
LaTeX Font Info:    Trying to load font information for U+msb on input line 381.
 (/usr/local/texlive/2024/texmf-dist/tex/latex/amsfonts/umsb.fd
File: umsb.fd 2013/01/14 v3.01 AMS symbols B
)
LaTeX Font Info:    Trying to load font information for U+stmry on input line 381.
 (/usr/local/texlive/2024/texmf-dist/tex/latex/stmaryrd/Ustmry.fd)
LaTeX Font Info:    Trying to load font information for U+npxmia on input line 381.
 (/usr/local/texlive/2024/texmf-dist/tex/latex/newpx/unpxmia.fd
File: unpxmia.fd 2013/03/24 Fontinst v1.933 font definitions for U/npxmia.
)
LaTeX Font Info:    Trying to load font information for U+npxsym on input line 381.
 (/usr/local/texlive/2024/texmf-dist/tex/latex/newpx/unpxsym.fd
File: unpxsym.fd 2023/08/16 Fontinst v1.933 font definitions for U/npxsym.
)
LaTeX Font Info:    Trying to load font information for U+npxsyc on input line 381.
 (/usr/local/texlive/2024/texmf-dist/tex/latex/newpx/unpxsyc.fd
File: unpxsyc.fd 2013/03/24 Fontinst v1.933 font definitions for U/npxsyc.
)
LaTeX Font Info:    Trying to load font information for TS1+zpltlf on input line 381.
 (/usr/local/texlive/2024/texmf-dist/tex/latex/newpx/ts1zpltlf.fd
File: ts1zpltlf.fd 2021/11/24 v1.0 fd file for TS1/zpltlf
)
LaTeX Font Info:    Font shape `TS1/zpltlf/m/n' will be
(Font)              scaled to size 12.0pt on input line 381.
LaTeX Font Info:    Font shape `TS1/zpltlf/m/n' will be
(Font)              scaled to size 8.8pt on input line 381.
LaTeX Font Info:    Font shape `TS1/zpltlf/m/n' will be
(Font)              scaled to size 6.6pt on input line 381.
 [1

{/usr/local/texlive/2024/texmf-var/fonts/map/pdftex/updmap/pdftex.map}{/usr/local/texlive/2024/texmf-dist/fonts/enc/dvips/newtx/ntx-ec-tlf.enc} <./UniversityofVerona.png>]
LaTeX Font Info:    Font shape `T1/zpltlf/m/n' will be
(Font)              scaled to size 20.74pt on input line 384.
LaTeX Font Info:    Font shape `T1/zpltlf/b/n' will be
(Font)              scaled to size 20.74pt on input line 384.
 (./agdaStage.toc
LaTeX Font Info:    Font shape `T1/zpltlf/b/n' will be
(Font)              scaled to size 10.0pt on input line 3.
LaTeX Font Info:    Font shape `OT1/zpltlf/m/n' will be
(Font)              scaled to size 10.0pt on input line 4.
LaTeX Font Info:    Font shape `OT1/zpltlf/m/n' will be
(Font)              scaled to size 7.3pt on input line 4.
LaTeX Font Info:    Font shape `OT1/zpltlf/m/n' will be
(Font)              scaled to size 5.5pt on input line 4.


LaTeX Font Warning: Font shape `U/stmry/m/n' in size <5.5> not available
(Font)              size <5> substituted on input line 4.

LaTeX Font Info:    Font shape `TS1/zpltlf/m/n' will be
(Font)              scaled to size 10.0pt on input line 4.
LaTeX Font Info:    Font shape `TS1/zpltlf/m/n' will be
(Font)              scaled to size 7.3pt on input line 4.
LaTeX Font Info:    Font shape `TS1/zpltlf/m/n' will be
(Font)              scaled to size 5.5pt on input line 4.
)
\tf@toc=\write9
\openout9 = `agdaStage.toc'.

LaTeX Font Info:    Font shape `T1/zpltlf/m/sl' will be
(Font)              scaled to size 10.0pt on input line 387.
 [2{/usr/local/texlive/2024/texmf-dist/fonts/enc/dvips/newtx/ntx-ecth-tlf.enc}]
LaTeX Font Info:    Font shape `T1/zpltlf/m/it' will be
(Font)              scaled to size 10.0pt on input line 398.
 [3]
LaTeX Font Info:    Font shape `T1/zpltlf/m/n' will be
(Font)              scaled to size 14.4pt on input line 410.
LaTeX Font Info:    Font shape `T1/zpltlf/m/it' will be
(Font)              scaled to size 14.4pt on input line 410.
LaTeX Font Info:    Font shape `T1/zpltlf/m/n' will be
(Font)              scaled to size 7.3pt on input line 424.
LaTeX Font Info:    Font shape `T1/zpltlf/m/n' will be
(Font)              scaled to size 5.5pt on input line 424.
 [4{/usr/local/texlive/2024/texmf-dist/fonts/enc/dvips/newpx/zpl_TOsF.enc}{/usr/local/texlive/2024/texmf-dist/fonts/enc/dvips/newtx/ntx-ot1-tlf.enc}{/usr/local/texlive/2024/texmf-dist/fonts/enc/dvips/newpx/px-lms.enc}]
LaTeX Font Info:    Trying to load font information for U+fontawesometwo on input line 489.
 (/usr/local/texlive/2024/texmf-dist/tex/latex/fontawesome/ufontawesometwo.fd
File: ufontawesometwo.fd 2016/05/22 Font definitions for U/fontawesometwo.
)

LaTeX Font Warning: Font shape `U/fontawesometwo/b/n' undefined
(Font)              using `U/fontawesometwo/m/n' instead on input line 489.

\openout5 = `agdaStage.pyg'.

(./_minted-agdaStage/default.pygstyle) (./_minted-agdaStage/33B913925B6F4244ADB402C69F8362211057937D7C60B70801ED20CA9EFD4E03.pygtex
LaTeX Font Info:    Font shape `T1/zpltlf/m/n' will be
(Font)              scaled to size 9.0pt on input line 1.
LaTeX Font Info:    Trying to load font information for T1+lmtt on input line 1.
 (/usr/local/texlive/2024/texmf-dist/tex/latex/lm/t1lmtt.fd
File: t1lmtt.fd 2015/05/01 v1.6.1 Font defs for Latin Modern
)
LaTeX Font Info:    Font shape `T1/lmtt/bx/n' in size <9> not available
(Font)              Font shape `T1/lmtt/b/n' tried instead on input line 2.
LaTeX Font Info:    Font shape `OT1/zpltlf/m/n' will be
(Font)              scaled to size 9.0pt on input line 2.
LaTeX Font Info:    Font shape `TS1/zpltlf/m/n' will be
(Font)              scaled to size 9.0pt on input line 2.
LaTeX Font Info:    Font shape `T1/zpltlf/bx/n' in size <9> not available
(Font)              Font shape `T1/zpltlf/b/n' tried instead on input line 4.
LaTeX Font Info:    Font shape `T1/zpltlf/b/n' will be
(Font)              scaled to size 9.0pt on input line 4.
) [5{/usr/local/texlive/2024/texmf-dist/fonts/enc/dvips/fontawesome/fontawesometwo.enc}{/usr/local/texlive/2024/texmf-dist/fonts/enc/dvips/lm/lm-ec.enc}]
\openout5 = `agdaStage.pyg'.

 (./_minted-agdaStage/889DB99EB3FB63EFE2C208C869FCAF981057937D7C60B70801ED20CA9EFD4E03.pygtex)
\openout5 = `agdaStage.pyg'.

 (./_minted-agdaStage/148B53F953149DB859A642FBB4B7873F1057937D7C60B70801ED20CA9EFD4E03.pygtex)
\openout5 = `agdaStage.pyg'.

 [6] (./_minted-agdaStage/543047C5585F15214ED3DAF51D784B951057937D7C60B70801ED20CA9EFD4E03.pygtex)
\openout5 = `agdaStage.pyg'.

 (./_minted-agdaStage/80F4DD91AC6E083F2A8D01F799B4EBC91057937D7C60B70801ED20CA9EFD4E03.pygtex)
\openout5 = `agdaStage.pyg'.

 (./_minted-agdaStage/DDB607A43ACDD377909AF9E575EA80521057937D7C60B70801ED20CA9EFD4E03.pygtex)
\openout5 = `agdaStage.pyg'.

 (./_minted-agdaStage/1C9A5D5309A58D57C916B3DFC893998F1057937D7C60B70801ED20CA9EFD4E03.pygtex)
\openout5 = `agdaStage.pyg'.

 (./_minted-agdaStage/691207E0AB244AF78F7E56E293678D361057937D7C60B70801ED20CA9EFD4E03.pygtex) [7]
\openout5 = `agdaStage.pyg'.

 (./_minted-agdaStage/FC3262E4E949FFDF869F9DD1F43BEE611057937D7C60B70801ED20CA9EFD4E03.pygtex)
\openout5 = `agdaStage.pyg'.

 (./_minted-agdaStage/EAB96EEE34A7B4C35D0180C95454120D1057937D7C60B70801ED20CA9EFD4E03.pygtex)
\openout5 = `agdaStage.pyg'.

 (./_minted-agdaStage/6DA17394864C1F35D5565FFC38E8F5BD1057937D7C60B70801ED20CA9EFD4E03.pygtex) [8]
\openout5 = `agdaStage.pyg'.

 (./_minted-agdaStage/669644540B69D4DD63D605340E6CAA1A1057937D7C60B70801ED20CA9EFD4E03.pygtex) [9]
\openout5 = `agdaStage.pyg'.

 (./_minted-agdaStage/6A58F493F96B4132C2D5F9CC6422DA651057937D7C60B70801ED20CA9EFD4E03.pygtex)
\openout5 = `agdaStage.pyg'.

 (./_minted-agdaStage/519AD5625E7B4B74C993574E6DBB24D21057937D7C60B70801ED20CA9EFD4E03.pygtex)
\openout5 = `agdaStage.pyg'.

 (./_minted-agdaStage/AF4BFBE8ECFAE531953100EEE04D9AF51057937D7C60B70801ED20CA9EFD4E03.pygtex)
\openout5 = `agdaStage.pyg'.

 (./_minted-agdaStage/8D3FBA08539C44E0A77FE486960290B71057937D7C60B70801ED20CA9EFD4E03.pygtex) [10]
\openout5 = `agdaStage.pyg'.

 (./_minted-agdaStage/A970A8D7EE7C93D8A65FF88D75DF6F521057937D7C60B70801ED20CA9EFD4E03.pygtex)
\openout5 = `agdaStage.pyg'.

 (./_minted-agdaStage/79EDD1787B7E52A414D91352A6AF3B051057937D7C60B70801ED20CA9EFD4E03.pygtex)
\openout5 = `agdaStage.pyg'.

 [11] (./_minted-agdaStage/6C3CC09A4F902080C0E68EEAD4C1DC0C1057937D7C60B70801ED20CA9EFD4E03.pygtex)
\openout5 = `agdaStage.pyg'.

 (./_minted-agdaStage/122664AF6D4B0CEA6DDC12C3ADED10811057937D7C60B70801ED20CA9EFD4E03.pygtex)
\openout5 = `agdaStage.pyg'.

 (./_minted-agdaStage/7823BF535F1A078B2636AF9230D6D9A11057937D7C60B70801ED20CA9EFD4E03.pygtex)
\openout5 = `agdaStage.pyg'.

 [12] (./_minted-agdaStage/5158FB6062EDF5D812AC7A68D96CD5A51057937D7C60B70801ED20CA9EFD4E03.pygtex) [13]
\openout5 = `agdaStage.pyg'.

 (./_minted-agdaStage/4C3E013BE05B5304561A879EA24FAB2E1057937D7C60B70801ED20CA9EFD4E03.pygtex)
\openout5 = `agdaStage.pyg'.

 (./_minted-agdaStage/6D4211653057363793413A002E83942F1057937D7C60B70801ED20CA9EFD4E03.pygtex)
\openout5 = `agdaStage.pyg'.

 (./_minted-agdaStage/75A3DDAB6E449CE1735BE215C59CDD2D1057937D7C60B70801ED20CA9EFD4E03.pygtex
LaTeX Font Info:    Trying to load font information for TS1+lmtt on input line 2.
 (/usr/local/texlive/2024/texmf-dist/tex/latex/lm/ts1lmtt.fd
File: ts1lmtt.fd 2015/05/01 v1.6.1 Font defs for Latin Modern
)) [14]
\openout5 = `agdaStage.pyg'.

 (./_minted-agdaStage/2244399B8D0E807AE6656D7EA343FEDB1057937D7C60B70801ED20CA9EFD4E03.pygtex)
\openout5 = `agdaStage.pyg'.

 (./_minted-agdaStage/0F8A31ED4A79507ABFF15F981A0A6A2B1057937D7C60B70801ED20CA9EFD4E03.pygtex)
\openout5 = `agdaStage.pyg'.

 (./_minted-agdaStage/BBC728F74B8CF421F72CFEC7F9C9E0C31057937D7C60B70801ED20CA9EFD4E03.pygtex) [15{/usr/local/texlive/2024/texmf-dist/fonts/enc/dvips/lm/lm-ts1.enc}]
\openout5 = `agdaStage.pyg'.

 (./_minted-agdaStage/0E32BC7881E44BC747711D1C81702D591057937D7C60B70801ED20CA9EFD4E03.pygtex)
\openout5 = `agdaStage.pyg'.

 (./_minted-agdaStage/1181CF521D3641150316610613B95BBD1057937D7C60B70801ED20CA9EFD4E03.pygtex)
\openout5 = `agdaStage.pyg'.

 (./_minted-agdaStage/90BE73A4EF2F0001A508B0B0A08645781057937D7C60B70801ED20CA9EFD4E03.pygtex) [16]
\openout5 = `agdaStage.pyg'.

 (./_minted-agdaStage/4D22E191C469A19512C02C47EDFF12A81057937D7C60B70801ED20CA9EFD4E03.pygtex)
\openout5 = `agdaStage.pyg'.

 [17] (./_minted-agdaStage/D18933EE081CD85CB7155FF561151E7D1057937D7C60B70801ED20CA9EFD4E03.pygtex)
\openout5 = `agdaStage.pyg'.

 (./_minted-agdaStage/62343438783EB2B26DC0C4713595DCBE1057937D7C60B70801ED20CA9EFD4E03.pygtex)
\openout5 = `agdaStage.pyg'.

 (./_minted-agdaStage/2BAA8B44E46DEB8B28CB4F2C2B375D951057937D7C60B70801ED20CA9EFD4E03.pygtex)
\openout5 = `agdaStage.pyg'.

 (./_minted-agdaStage/61904D4450A077A0A6B7BA9427A9ADD21057937D7C60B70801ED20CA9EFD4E03.pygtex) [18]
\openout5 = `agdaStage.pyg'.

 (./_minted-agdaStage/92A35067A17C890FE2F4C6BE6B0162101057937D7C60B70801ED20CA9EFD4E03.pygtex)
\openout5 = `agdaStage.pyg'.

 (./_minted-agdaStage/0C6808FD1FDA07F7F3D7B57BD841AAB11057937D7C60B70801ED20CA9EFD4E03.pygtex)
\openout5 = `agdaStage.pyg'.

 [19] (./_minted-agdaStage/A6D6991FCBBB3AB8829984849C20056A1057937D7C60B70801ED20CA9EFD4E03.pygtex)
\openout5 = `agdaStage.pyg'.

 (./_minted-agdaStage/B6AEDBBF80C70A26A7555B63CA4926D11057937D7C60B70801ED20CA9EFD4E03.pygtex)
\openout5 = `agdaStage.pyg'.

 (./_minted-agdaStage/CEBB1B5F75803041CC1E6F37740956381057937D7C60B70801ED20CA9EFD4E03.pygtex)
\openout5 = `agdaStage.pyg'.

 [20] (./_minted-agdaStage/2E2C4BB6A99B23A53A9277AD61A127BE1057937D7C60B70801ED20CA9EFD4E03.pygtex)
\openout5 = `agdaStage.pyg'.

 (./_minted-agdaStage/501F1F95A08DF8759615288D43F485651057937D7C60B70801ED20CA9EFD4E03.pygtex)
\openout5 = `agdaStage.pyg'.

 (./_minted-agdaStage/10343746A54C7FB28F4DF6622361D2951057937D7C60B70801ED20CA9EFD4E03.pygtex) [21]
\openout5 = `agdaStage.pyg'.

 (./_minted-agdaStage/7ECC9F0F3C4213541C44D106B9C63B571057937D7C60B70801ED20CA9EFD4E03.pygtex) [22]
\openout5 = `agdaStage.pyg'.

 (./_minted-agdaStage/9F1E20C4F90208F720F6B57225E19EF21057937D7C60B70801ED20CA9EFD4E03.pygtex)
\openout5 = `agdaStage.pyg'.

 (./_minted-agdaStage/6F639157682349E04F6192CAE427B1B31057937D7C60B70801ED20CA9EFD4E03.pygtex)
\openout5 = `agdaStage.pyg'.

 (./_minted-agdaStage/53C53BE88B6FAA5477FA1346E17752C21057937D7C60B70801ED20CA9EFD4E03.pygtex) [23]
\openout5 = `agdaStage.pyg'.

 (./_minted-agdaStage/A835A6BE23B827B49C5BC32EC45E36051057937D7C60B70801ED20CA9EFD4E03.pygtex)
\openout5 = `agdaStage.pyg'.

 (./_minted-agdaStage/2FAE6B196F1DFA91ED097623045404CB1057937D7C60B70801ED20CA9EFD4E03.pygtex) [24]
\myBox1=\box133
\myScoreStart1=\dimen384
\myCenter1=\dimen385
\myScoreEnd1=\dimen386
LaTeX Font Info:    Font shape `T1/zpltlf/m/n' will be
(Font)              scaled to size 7.0pt on input line 1226.
\myBox2=\box134
\myScoreStart2=\dimen387
\myCenter2=\dimen388
\myScoreEnd2=\dimen389
\openout5 = `agdaStage.pyg'.

 (./_minted-agdaStage/3987818ABD3BE9FDAED995B139E0C0A31057937D7C60B70801ED20CA9EFD4E03.pygtex
LaTeX Font Info:    Font shape `T1/zpltlf/m/it' will be
(Font)              scaled to size 9.0pt on input line 3.
)
\openout5 = `agdaStage.pyg'.

 (./_minted-agdaStage/FA3BAC850D3BBD638F21C81BADED57511057937D7C60B70801ED20CA9EFD4E03.pygtex) [25]
\openout5 = `agdaStage.pyg'.

 [26] (./_minted-agdaStage/4DBFAC890BE9D93D189001B55168430D1057937D7C60B70801ED20CA9EFD4E03.pygtex)
\openout5 = `agdaStage.pyg'.

 (./_minted-agdaStage/C4C7A7D0D8C9256DE08F43496A6190DF1057937D7C60B70801ED20CA9EFD4E03.pygtex)
\openout5 = `agdaStage.pyg'.

 (./_minted-agdaStage/BAC411FA42EC7F641BA4FE4D2466B75D1057937D7C60B70801ED20CA9EFD4E03.pygtex)
\openout5 = `agdaStage.pyg'.

 [27] (./_minted-agdaStage/FBCD997D3F3A75A77FD240300C47BA5D1057937D7C60B70801ED20CA9EFD4E03.pygtex)
\openout5 = `agdaStage.pyg'.

 (./_minted-agdaStage/2302BD127A8C08AD47C4BE4A5CCA569B1057937D7C60B70801ED20CA9EFD4E03.pygtex) [28]
\openout5 = `agdaStage.pyg'.

 (./_minted-agdaStage/740E27F4A3ED393317936975BC6123981057937D7C60B70801ED20CA9EFD4E03.pygtex) [29]
\openout5 = `agdaStage.pyg'.

 (./_minted-agdaStage/B6C11ABA0B88F3225DBC6E56E45C19101057937D7C60B70801ED20CA9EFD4E03.pygtex) [30] [31] (./agdaStage.aux)
 ***********
LaTeX2e <2023-11-01> patch level 1
L3 programming layer <2020/03/25>
 ***********


LaTeX Font Warning: Size substitutions with differences
(Font)              up to 0.5pt have occurred.


LaTeX Font Warning: Some font shapes were not available, defaults substituted.

Package rerunfilecheck Info: File `agdaStage.out' has not changed.
(rerunfilecheck)             Checksum: 45EF55C8FEB2824796B606A873FACED6;5564.
runsystem(rm agdaStage.pyg)...executed.

Package logreq Info: Writing requests to 'agdaStage.run.xml'.
\openout1 = `agdaStage.run.xml'.

 ) 
Here is how much of TeX's memory you used:
 69194 strings out of 474116
 1634391 string characters out of 5743681
 2651947 words of memory out of 5000000
 90228 multiletter control sequences out of 15000+600000
 650789 words of font info for 166 fonts, out of 8000000 for 9000
 1141 hyphenation exceptions out of 8191
 99i,11n,101p,1662b,1321s stack positions out of 10000i,1000n,20000p,200000b,200000s
</usr/local/texlive/2024/texmf-dist/fonts/type1/public/fontawesome/FontAwesome.pfb></usr/local/texlive/2024/texmf-dist/fonts/type1/public/newpx/NewPXMI.pfb></usr/local/texlive/2024/texmf-dist/fonts/type1/public/newpx/NewPXMI_gnu.pfb></usr/local/texlive/2024/texmf-dist/fonts/type1/public/lm/lmtk10.pfb></usr/local/texlive/2024/texmf-dist/fonts/type1/public/lm/lmtt10.pfb></usr/local/texlive/2024/texmf-dist/fonts/type1/public/lm/lmtt9.pfb></usr/local/texlive/2024/texmf-dist/fonts/type1/public/lm/lmtti10.pfb></usr/local/texlive/2024/texmf-dist/fonts/type1/public/newpx/pxmiaX.pfb></usr/local/texlive/2024/texmf-dist/fonts/type1/public/newpx/pxsys.pfb></usr/local/texlive/2024/texmf-dist/fonts/type1/public/txfonts/txsyc.pfb></usr/local/texlive/2024/texmf-dist/fonts/type1/public/newtx/txsym.pfb></usr/local/texlive/2024/texmf-dist/fonts/type1/public/newpx/zplb.pfb></usr/local/texlive/2024/texmf-dist/fonts/type1/public/newpx/zplr.pfb></usr/local/texlive/2024/texmf-dist/fonts/type1/public/newpx/zplri.pfb>
Output written on agdaStage.pdf (31 pages, 981047 bytes).
PDF statistics:
 494 PDF objects out of 1000 (max. 8388607)
 397 compressed objects within 4 object streams
 73 named destinations out of 1000 (max. 500000)
 410 words of extra memory for PDF output out of 10000 (max. 10000000)

